{
    "NUM_Tau3MuTracker_DEN_genTracks": {
        "pt": {
            "binning": [
                {
                    "binning": [
                        1.2,
                        1.5,
                        2.0,
                        2.5,
                        2.75,
                        3.0,
                        3.25,
                        3.5,
                        3.75,
                        4.0,
                        4.5,
                        5.0,
                        6.0,
                        8.0,
                        10.0,
                        15.0,
                        20.0,
                        30.0,
                        40.0
                    ],
                    "variable": "pt"
                }
            ],
            "pt:[1.2,1.5]": {
                "stat": 0.07894322008718845,
                "syst": 0.0,
                "value": 1.0260329067888407
            },
            "pt:[1.5,2.0]": {
                "stat": 0.0672206931521081,
                "syst": 0.0,
                "value": 1.105658249638037
            },
            "pt:[10.0,15.0]": {
                "stat": 0.10079009465313463,
                "syst": 0.0,
                "value": 1.938875790965663
            },
            "pt:[15.0,20.0]": {
                "stat": 0.12403355371839948,
                "syst": 0.0,
                "value": 1.762807710798738
            },
            "pt:[2.0,2.5]": {
                "stat": 0.04281948065619985,
                "syst": 0.0,
                "value": 1.0532968406780303
            },
            "pt:[2.5,2.75]": {
                "stat": 0.13117730030747166,
                "syst": 0.0,
                "value": 1.224090854474647
            },
            "pt:[2.75,3.0]": {
                "stat": 0.169058167977119,
                "syst": 0.0,
                "value": 1.3336827612141549
            },
            "pt:[20.0,30.0]": {
                "stat": 0.10421776407785861,
                "syst": 0.0,
                "value": 1.4981453625459549
            },
            "pt:[3.0,3.25]": {
                "stat": 0.17638954043584162,
                "syst": 0.0,
                "value": 1.5824075534734585
            },
            "pt:[3.25,3.5]": {
                "stat": 0.2369269328669169,
                "syst": 0.0,
                "value": 1.062333601515294
            },
            "pt:[3.5,3.75]": {
                "stat": 0.07097263311431151,
                "syst": 0.0,
                "value": 0.9442089523033357
            },
            "pt:[3.75,4.0]": {
                "stat": 0.1194268325580859,
                "syst": 0.0,
                "value": 1.2497715911247669
            },
            "pt:[30.0,40.0]": {
                "stat": 0.13801638319002926,
                "syst": 0.0,
                "value": 1.4748645547380252
            },
            "pt:[4.0,4.5]": {
                "stat": 0.11258861301125994,
                "syst": 0.0,
                "value": 1.2831894733599978
            },
            "pt:[4.5,5.0]": {
                "stat": 0.1522811718086799,
                "syst": 0.0,
                "value": 1.3761048218890373
            },
            "pt:[5.0,6.0]": {
                "stat": 0.09643810816436753,
                "syst": 0.0,
                "value": 1.6958239894173122
            },
            "pt:[6.0,8.0]": {
                "stat": 0.11771684716111376,
                "syst": 0.0,
                "value": 1.5256916256292852
            },
            "pt:[8.0,10.0]": {
                "stat": 0.13836790685041897,
                "syst": 0.0,
                "value": 1.8265205051340192
            }
        }
    }
}