{
    "NUM_Tau3MuTracker_DEN_genTracks": {
        "pt_abseta": {
            "binning": [
                {
                    "binning": [
                        1.2,
                        1.5,
                        2.0,
                        2.5,
                        2.75,
                        3.0,
                        3.25,
                        3.5,
                        3.75,
                        4.0,
                        4.5,
                        5.0,
                        6.0,
                        8.0,
                        10.0,
                        15.0,
                        20.0,
                        30.0,
                        40.0
                    ],
                    "variable": "pt"
                },
                {
                    "binning": [
                        0.0,
                        0.9,
                        1.2,
                        2.1,
                        2.4
                    ],
                    "variable": "abseta"
                }
            ],
            "pt:[1.2,1.5]": {
                "abseta:[0.0,0.9]": {
                    "stat": 0.0,
                    "syst": 0.0,
                    "value": 1.0
                },
                "abseta:[0.9,1.2]": {
                    "stat": 0.0,
                    "syst": 0.0,
                    "value": 1.0
                },
                "abseta:[1.2,2.1]": {
                    "stat": 0.07909164583163993,
                    "syst": 0.0,
                    "value": 1.0221254051776498
                },
                "abseta:[2.1,2.4]": {
                    "stat": 0.11371741499089433,
                    "syst": 0.0,
                    "value": 1.4476455734347928
                }
            },
            "pt:[1.5,2.0]": {
                "abseta:[0.0,0.9]": {
                    "stat": 0.0,
                    "syst": 0.0,
                    "value": 1.0
                },
                "abseta:[0.9,1.2]": {
                    "stat": 0.0,
                    "syst": 0.0,
                    "value": 1.0
                },
                "abseta:[1.2,2.1]": {
                    "stat": 0.05690501312431612,
                    "syst": 0.0,
                    "value": 1.014494849592318
                },
                "abseta:[2.1,2.4]": {
                    "stat": 0.28675714398133517,
                    "syst": 0.0,
                    "value": 2.5543353514572407
                }
            },
            "pt:[10.0,15.0]": {
                "abseta:[0.0,0.9]": {
                    "stat": 0.1410218726756283,
                    "syst": 0.0,
                    "value": 1.524433497473158
                },
                "abseta:[0.9,1.2]": {
                    "stat": 0.24563404165434577,
                    "syst": 0.0,
                    "value": 2.2781484214175265
                },
                "abseta:[1.2,2.1]": {
                    "stat": 0.17555331263260207,
                    "syst": 0.0,
                    "value": 2.105405273363217
                },
                "abseta:[2.1,2.4]": {
                    "stat": 1.2032060187414433,
                    "syst": 0.0,
                    "value": 6.813965541979397
                }
            },
            "pt:[15.0,20.0]": {
                "abseta:[0.0,0.9]": {
                    "stat": 0.1538057737857184,
                    "syst": 0.0,
                    "value": 1.6067135191488
                },
                "abseta:[0.9,1.2]": {
                    "stat": 0.31919517261473723,
                    "syst": 0.0,
                    "value": 1.914265213335704
                },
                "abseta:[1.2,2.1]": {
                    "stat": 0.2037829299246775,
                    "syst": 0.0,
                    "value": 1.8807743609371133
                },
                "abseta:[2.1,2.4]": {
                    "stat": 1.6681797667267706,
                    "syst": 0.0,
                    "value": 5.77034208418304
                }
            },
            "pt:[2.0,2.5]": {
                "abseta:[0.0,0.9]": {
                    "stat": 0.0,
                    "syst": 0.0,
                    "value": 1.0
                },
                "abseta:[0.9,1.2]": {
                    "stat": 0.0,
                    "syst": 0.0,
                    "value": 1.0
                },
                "abseta:[1.2,2.1]": {
                    "stat": 0.06711468278297286,
                    "syst": 0.0,
                    "value": 1.0460980121844974
                },
                "abseta:[2.1,2.4]": {
                    "stat": 0.43328892376591666,
                    "syst": 0.0,
                    "value": 1.231502479649949
                }
            },
            "pt:[2.5,2.75]": {
                "abseta:[0.0,0.9]": {
                    "stat": 0.0,
                    "syst": 0.0,
                    "value": 1.0
                },
                "abseta:[0.9,1.2]": {
                    "stat": 0.0,
                    "syst": 0.0,
                    "value": 1.0
                },
                "abseta:[1.2,2.1]": {
                    "stat": 0.13476832354103754,
                    "syst": 0.0,
                    "value": 1.1911657665000346
                },
                "abseta:[2.1,2.4]": {
                    "stat": 0.7254979392142893,
                    "syst": 0.0,
                    "value": 3.1054894896909975
                }
            },
            "pt:[2.75,3.0]": {
                "abseta:[0.0,0.9]": {
                    "stat": 0.0,
                    "syst": 0.0,
                    "value": 1.0
                },
                "abseta:[0.9,1.2]": {
                    "stat": 0.0,
                    "syst": 0.0,
                    "value": 1.0
                },
                "abseta:[1.2,2.1]": {
                    "stat": 0.16187533657933717,
                    "syst": 0.0,
                    "value": 1.3275670385259486
                },
                "abseta:[2.1,2.4]": {
                    "stat": 1.0079859646939338,
                    "syst": 0.0,
                    "value": 2.8311835687485383
                }
            },
            "pt:[20.0,30.0]": {
                "abseta:[0.0,0.9]": {
                    "stat": 0.16055240666384818,
                    "syst": 0.0,
                    "value": 1.3316966215830064
                },
                "abseta:[0.9,1.2]": {
                    "stat": 0.21962716293805415,
                    "syst": 0.0,
                    "value": 1.251408015884356
                },
                "abseta:[1.2,2.1]": {
                    "stat": 0.1874932442929959,
                    "syst": 0.0,
                    "value": 1.8403918249105737
                },
                "abseta:[2.1,2.4]": {
                    "stat": 0.2552909209988396,
                    "syst": 0.0,
                    "value": 1.9837907323366017
                }
            },
            "pt:[3.0,3.25]": {
                "abseta:[0.0,0.9]": {
                    "stat": 0.0,
                    "syst": 0.0,
                    "value": 1.0
                },
                "abseta:[0.9,1.2]": {
                    "stat": 0.0,
                    "syst": 0.0,
                    "value": 1.0
                },
                "abseta:[1.2,2.1]": {
                    "stat": 0.20009587718559543,
                    "syst": 0.0,
                    "value": 1.3848893071625694
                },
                "abseta:[2.1,2.4]": {
                    "stat": 0.48795163756706944,
                    "syst": 0.0,
                    "value": 2.174683634390158
                }
            },
            "pt:[3.25,3.5]": {
                "abseta:[0.0,0.9]": {
                    "stat": 0.0,
                    "syst": 0.0,
                    "value": 1.0
                },