{
    "NUM_Tau3MuTracker_DEN_genTracks": {
        "pair_dR": {
            "binning": [
                {
                    "binning": [
                        0.0,
                        0.1,
                        0.15,
                        0.2,
                        0.25,
                        0.35,
                        0.4,
                        0.8
                    ],
                    "variable": "pair_dR"
                }
            ],
            "pair_dR:[0.0,0.1]": {
                "stat": 0.040825136697772706,
                "syst": 0.0,
                "value": 0.6824448082209289
            },
            "pair_dR:[0.1,0.15]": {
                "stat": 0.04771341144369268,
                "syst": 0.0,
                "value": 0.9643907876119527
            },
            "pair_dR:[0.15,0.2]": {
                "stat": 0.04903254218417427,
                "syst": 0.0,
                "value": 0.9609236921662964
            },
            "pair_dR:[0.2,0.25]": {
                "stat": 0.059654017863007634,
                "syst": 0.0,
                "value": 1.049484477336377
            },
            "pair_dR:[0.25,0.35]": {
                "stat": 0.10764087293450231,
                "syst": 0.0,
                "value": 2.510729463968925
            },
            "pair_dR:[0.35,0.4]": {
                "stat": 0.5686787629531351,
                "syst": 0.0,
                "value": 7.976242399320725
            },
            "pair_dR:[0.4,0.8]": {
                "stat": 0.1588680028993296,
                "syst": 0.0,
                "value": 3.5603285625527508
            }
        }
    }
}