{
    "NUM_Tau3MuTracker_DEN_genTracks": {
        "abseta": {
            "abseta:[0.0,0.9]": {
                "stat": 0.04143881924769126,
                "syst": 0.0,
                "value": 1.1606921104302916
            },
            "abseta:[0.9,1.2]": {
                "stat": 0.08673763194241611,
                "syst": 0.0,
                "value": 1.5798012243552217
            },
            "abseta:[1.2,2.1]": {
                "stat": 0.014381957599275812,
                "syst": 0.0,
                "value": 0.7857623066957572
            },
            "abseta:[2.1,2.4]": {
                "stat": 0.10680992855736587,
                "syst": 0.0,
                "value": 1.5748161695681315
            },
            "binning": [
                {
                    "binning": [
                        0.0,
                        0.9,
                        1.2,
                        2.1,
                        2.4
                    ],
                    "variable": "abseta"
                }
            ]
        }
    }
}