{
    "NUM_Tau3MuGlobal_DEN_genTracks": {
        "pt_abseta": {
            "binning": [
                {
                    "binning": [
                        1.2,
                        1.5,
                        2.0,
                        2.5,
                        2.75,
                        3.0,
                        3.25,
                        3.5,
                        3.75,
                        4.0,
                        4.5,
                        5.0,
                        6.0,
                        8.0,
                        10.0,
                        15.0,
                        20.0,
                        30.0,
                        40.0
                    ],
                    "variable": "pt"
                },
                {
                    "binning": [
                        0.0,
                        0.9,
                        1.2,
                        2.1,
                        2.4
                    ],
                    "variable": "abseta"
                }
            ],
            "pt:[1.2,1.5]": {
                "abseta:[0.0,0.9]": {
                    "stat": 0.0,
                    "syst": 0.0,
                    "value": 1.0
                },
                "abseta:[0.9,1.2]": {
                    "stat": 0.0,
                    "syst": 0.0,
                    "value": 1.0
                },
                "abseta:[1.2,2.1]": {
                    "stat": 0.18537809218847334,
                    "syst": 0.0,
                    "value": 1.501537436697849
                },
                "abseta:[2.1,2.4]": {
                    "stat": 0.3434121235280965,
                    "syst": 0.0,
                    "value": 1.7537580852619934
                }
            },
            "pt:[1.5,2.0]": {
                "abseta:[0.0,0.9]": {
                    "stat": 0.0,
                    "syst": 0.0,
                    "value": 1.0
                },
                "abseta:[0.9,1.2]": {
                    "stat": 0.0,
                    "syst": 0.0,
                    "value": 1.0
                },
                "abseta:[1.2,2.1]": {
                    "stat": 0.11523740855345985,
                    "syst": 0.0,
                    "value": 0.795103547439303
                },
                "abseta:[2.1,2.4]": {
                    "stat": 0.10845324740289167,
                    "syst": 0.0,
                    "value": 0.6376545207021628
                }
            },
            "pt:[10.0,15.0]": {
                "abseta:[0.0,0.9]": {
                    "stat": 0.008213267828886758,
                    "syst": 0.0,
                    "value": 0.9573434873462626
                },
                "abseta:[0.9,1.2]": {
                    "stat": 0.021372683039992447,
                    "syst": 0.0,
                    "value": 0.940835351018274
                },
                "abseta:[1.2,2.1]": {
                    "stat": 0.02353029685459138,
                    "syst": 0.0,
                    "value": 0.9262957704727858
                },
                "abseta:[2.1,2.4]": {
                    "stat": 0.08377855877419627,
                    "syst": 0.0,
                    "value": 0.8759675173412156
                }
            },
            "pt:[15.0,20.0]": {
                "abseta:[0.0,0.9]": {
                    "stat": 0.028347170114752723,
                    "syst": 0.0,
                    "value": 0.9634001818710753
                },
                "abseta:[0.9,1.2]": {
                    "stat": 0.044851052354215354,
                    "syst": 0.0,
                    "value": 0.9444871077718475
                },
                "abseta:[1.2,2.1]": {
                    "stat": 0.0371321845272478,
                    "syst": 0.0,
                    "value": 0.8907358746625658
                },
                "abseta:[2.1,2.4]": {
                    "stat": 0.1658954416276846,
                    "syst": 0.0,
                    "value": 0.8798541758859401
                }
            },
            "pt:[2.0,2.5]": {
                "abseta:[0.0,0.9]": {
                    "stat": 0.0,
                    "syst": 0.0,
                    "value": 1.0
                },
                "abseta:[0.9,1.2]": {
                    "stat": 0.0,
                    "syst": 0.0,
                    "value": 1.0
                },
                "abseta:[1.2,2.1]": {
                    "stat": 0.03135805181041901,
                    "syst": 0.0,
                    "value": 0.9735797789451759
                },
                "abseta:[2.1,2.4]": {
                    "stat": 0.09899922181033327,
                    "syst": 0.0,
                    "value": 1.0418266718954579
                }
            },
            "pt:[2.5,2.75]": {
                "abseta:[0.0,0.9]": {
                    "stat": 0.0,
                    "syst": 0.0,
                    "value": 1.0
                },
                "abseta:[0.9,1.2]": {
                    "stat": 0.0,
                    "syst": 0.0,
                    "value": 1.0
                },
                "abseta:[1.2,2.1]": {
                    "stat": 0.06743441410988744,
                    "syst": 0.0,
                    "value": 0.9548971086310842
                },
                "abseta:[2.1,2.4]": {
                    "stat": 0.12415987043185268,
                    "syst": 0.0,
                    "value": 0.885941297539076
                }
            },
            "pt:[2.75,3.0]": {
                "abseta:[0.0,0.9]": {
                    "stat": 0.0,
                    "syst": 0.0,
                    "value": 1.0
                },
                "abseta:[0.9,1.2]": {
                    "stat": 0.0,
                    "syst": 0.0,
                    "value": 1.0
                },
                "abseta:[1.2,2.1]": {
                    "stat": 0.05196380082464741,
                    "syst": 0.0,
                    "value": 0.9556502615708458
                },
                "abseta:[2.1,2.4]": {
                    "stat": 0.16944511521482006,
                    "syst": 0.0,
                    "value": 1.17741651101622
                }
            },
            "pt:[20.0,30.0]": {
                "abseta:[0.0,0.9]": {
                    "stat": 0.0307698029121724,
                    "syst": 0.0,
                    "value": 0.9615680639157883
                },
                "abseta:[0.9,1.2]": {
                    "stat": 0.04350689935506217,
                    "syst": 0.0,
                    "value": 0.948729008508855
                },
                "abseta:[1.2,2.1]": {
                    "stat": 0.040786466040091646,
                    "syst": 0.0,
                    "value": 0.8328478591175438
                },
                "abseta:[2.1,2.4]": {
                    "stat": 0.11074950183427736,
                    "syst": 0.0,
                    "value": 0.8145492923662395
                }
            },
            "pt:[3.0,3.25]": {
                "abseta:[0.0,0.9]": {
                    "stat": 0.0,
                    "syst": 0.0,
                    "value": 1.0
                },
                "abseta:[0.9,1.2]": {
                    "stat": 0.0,
                    "syst": 0.0,
                    "value": 1.0
                },
                "abseta:[1.2,2.1]": {
                    "stat": 0.054845305292530414,
                    "syst": 0.0,
                    "value": 0.9545180035195009
                },
                "abseta:[2.1,2.4]": {
                    "stat": 0.08690145811696377,
                    "syst": 0.0,
                    "value": 0.5791874217794998
                }
            },
            "pt:[3.25,3.5]": {
                "abseta:[0.0,0.9]": {
                    "stat": 0.0,
                    "syst": 0.0,