{
    "NUM_Tau3MuGlobal_DEN_genTracks": {
        "pt": {
            "binning": [
                {
                    "binning": [
                        1.2,
                        1.5,
                        2.0,
                        2.5,
                        2.75,
                        3.0,
                        3.25,
                        3.5,
                        3.75,
                        4.0,
                        4.5,
                        5.0,
                        6.0,
                        8.0,
                        10.0,
                        15.0,
                        20.0,
                        30.0,
                        40.0
                    ],
                    "variable": "pt"
                }
            ],
            "pt:[1.2,1.5]": {
                "stat": 0.2089487059096804,
                "syst": 0.0,
                "value": 0.7706047667847993
            },
            "pt:[1.5,2.0]": {
                "stat": 0.04372724850172173,
                "syst": 0.0,
                "value": 0.734354021143623
            },
            "pt:[10.0,15.0]": {
                "stat": 0.014070186418571733,
                "syst": 0.0,
                "value": 0.9503978415690449
            },
            "pt:[15.0,20.0]": {
                "stat": 0.020989335008959675,
                "syst": 0.0,
                "value": 0.9431946423927212
            },
            "pt:[2.0,2.5]": {
                "stat": 0.04862983898225209,
                "syst": 0.0,
                "value": 0.9830415627613095
            },
            "pt:[2.5,2.75]": {
                "stat": 0.04855843154606019,
                "syst": 0.0,
                "value": 0.9583300342205643
            },
            "pt:[2.75,3.0]": {
                "stat": 0.052504316127443273,
                "syst": 0.0,
                "value": 0.9695287144447322
            },
            "pt:[20.0,30.0]": {
                "stat": 0.02236060279015187,
                "syst": 0.0,
                "value": 0.9252259182784948
            },
            "pt:[3.0,3.25]": {
                "stat": 0.03126472142757674,
                "syst": 0.0,
                "value": 0.9077082711401117
            },
            "pt:[3.25,3.5]": {
                "stat": 0.05297637516801283,
                "syst": 0.0,
                "value": 1.0021853818402435
            },
            "pt:[3.5,3.75]": {
                "stat": 0.03430989156133017,
                "syst": 0.0,
                "value": 0.9491512117708805
            },
            "pt:[3.75,4.0]": {
                "stat": 0.03376701126856678,
                "syst": 0.0,
                "value": 0.9454873843017125
            },
            "pt:[30.0,40.0]": {
                "stat": 0.03498354174639492,
                "syst": 0.0,
                "value": 0.9260568465276631
            },
            "pt:[4.0,4.5]": {
                "stat": 0.02320656624682449,
                "syst": 0.0,
                "value": 0.9513847939092986
            },
            "pt:[4.5,5.0]": {
                "stat": 0.02357194106184327,
                "syst": 0.0,
                "value": 0.938584936601751
            },
            "pt:[5.0,6.0]": {
                "stat": 0.01741752775373978,
                "syst": 0.0,
                "value": 0.9598237493366413
            },
            "pt:[6.0,8.0]": {
                "stat": 0.01402208929272542,
                "syst": 0.0,
                "value": 0.9697253175360442
            },
            "pt:[8.0,10.0]": {
                "stat": 0.01691182707789457,
                "syst": 0.0,
                "value": 0.9610433605926255
            }
        }
    }
}