{
    "NUM_Tau3MuGlobal_DEN_genTracks": {
        "abseta": {
            "abseta:[0.0,0.9]": {
                "stat": 0.008221958191489352,
                "syst": 0.0,
                "value": 0.9792699342705381
            },
            "abseta:[0.9,1.2]": {
                "stat": 0.015647245579601714,
                "syst": 0.0,
                "value": 0.9553414630437708
            },
            "abseta:[1.2,2.1]": {
                "stat": 0.01115901996229367,
                "syst": 0.0,
                "value": 1.0216465825373418
            },
            "abseta:[2.1,2.4]": {
                "stat": 0.030423032846401247,
                "syst": 0.0,
                "value": 0.8772568286264258
            },
            "binning": [
                {
                    "binning": [
                        0.0,
                        0.9,
                        1.2,
                        2.1,
                        2.4
                    ],
                    "variable": "abseta"
                }
            ]
        }
    }
}