{
    "NUM_Tau3MuGlobal_DEN_genTracks": {
        "pair_dR": {
            "binning": [
                {
                    "binning": [
                        0.0,
                        0.1,
                        0.15,
                        0.2,
                        0.25,
                        0.35,
                        0.4,
                        0.8
                    ],
                    "variable": "pair_dR"
                }
            ],
            "pair_dR:[0.0,0.1]": {
                "stat": 0.02542617852179014,
                "syst": 0.0,
                "value": 1.027833547012371
            },
            "pair_dR:[0.1,0.15]": {
                "stat": 0.015665890194315985,
                "syst": 0.0,
                "value": 0.9793315663587852
            },
            "pair_dR:[0.15,0.2]": {
                "stat": 0.012662387592798256,
                "syst": 0.0,
                "value": 0.989796863368323
            },
            "pair_dR:[0.2,0.25]": {
                "stat": 0.012120316321957517,
                "syst": 0.0,
                "value": 0.9706683273917656
            },
            "pair_dR:[0.25,0.35]": {
                "stat": 0.010508523143056435,
                "syst": 0.0,
                "value": 0.9021244658500426
            },
            "pair_dR:[0.35,0.4]": {
                "stat": 0.02873961781227221,
                "syst": 0.0,
                "value": 0.785658932878179
            },
            "pair_dR:[0.4,0.8]": {
                "stat": 0.023491772443548036,
                "syst": 0.0,
                "value": 0.44681099085898196
            }
        }
    }
}