{
    "NUM_Tau3MuTracker_DEN_genTracks": {
        "pair_dR": {
            "binning": [
                {
                    "binning": [
                        0.0,
                        0.1,
                        0.15,
                        0.2,
                        0.25,
                        0.35,
                        0.4,
                        0.8
                    ],
                    "variable": "pair_dR"
                }
            ],
            "pair_dR:[0.0,0.1]": {
                "stat": 0.04795514492098902,
                "syst": 0.0,
                "value": 0.7245970644474506
            },
            "pair_dR:[0.1,0.15]": {
                "stat": 0.04595639877823352,
                "syst": 0.0,
                "value": 1.0458260483361888
            },
            "pair_dR:[0.15,0.2]": {
                "stat": 0.05815306347290746,
                "syst": 0.0,
                "value": 1.0470730353902202
            },
            "pair_dR:[0.2,0.25]": {
                "stat": 0.04971198877884114,
                "syst": 0.0,
                "value": 1.3004321499692266
            },
            "pair_dR:[0.25,0.35]": {
                "stat": 0.06211858458451018,
                "syst": 0.0,
                "value": 1.3339125244361605
            },
            "pair_dR:[0.35,0.4]": {
                "stat": 0.10200075146809616,
                "syst": 0.0,
                "value": 1.3230590625926257
            },
            "pair_dR:[0.4,0.8]": {
                "stat": 0.0514167085899041,
                "syst": 0.0,
                "value": 1.1211299991806858
            }
        }
    }
}