{
    "NUM_Tau3MuTracker_DEN_genTracks": {
        "pt_abseta": {
            "binning": [
                {
                    "binning": [
                        1.2,
                        1.5,
                        2.0,
                        2.5,
                        2.75,
                        3.0,
                        3.25,
                        3.5,
                        3.75,
                        4.0,
                        4.5,
                        5.0,
                        6.0,
                        8.0,
                        10.0,
                        15.0,
                        20.0,
                        30.0,
                        40.0
                    ],
                    "variable": "pt"
                },
                {
                    "binning": [
                        0.0,
                        0.9,
                        1.2,
                        2.1,
                        2.4
                    ],
                    "variable": "abseta"
                }
            ],
            "pt:[1.2,1.5]": {
                "abseta:[0.0,0.9]": {
                    "stat": 0.0,
                    "syst": 0.0,
                    "value": 1.0
                },
                "abseta:[0.9,1.2]": {
                    "stat": 0.0,
                    "syst": 0.0,
                    "value": 1.0
                },
                "abseta:[1.2,2.1]": {
                    "stat": 0.09234484002249929,
                    "syst": 0.0,
                    "value": 1.0254135983471742
                },
                "abseta:[2.1,2.4]": {
                    "stat": 0.15656787452410378,
                    "syst": 0.0,
                    "value": 1.5471207672424214
                }
            },
            "pt:[1.5,2.0]": {
                "abseta:[0.0,0.9]": {
                    "stat": 0.0,
                    "syst": 0.0,
                    "value": 1.0
                },
                "abseta:[0.9,1.2]": {
                    "stat": 0.0,
                    "syst": 0.0,
                    "value": 1.0
                },
                "abseta:[1.2,2.1]": {
                    "stat": 0.0625783981747289,
                    "syst": 0.0,
                    "value": 1.067862521730631
                },
                "abseta:[2.1,2.4]": {
                    "stat": 0.31483838885553606,
                    "syst": 0.0,
                    "value": 2.5262506759988788
                }
            },
            "pt:[10.0,15.0]": {
                "abseta:[0.0,0.9]": {
                    "stat": 0.07805544711242801,
                    "syst": 0.0,
                    "value": 0.945111745703314
                },
                "abseta:[0.9,1.2]": {
                    "stat": 0.1807234758276673,
                    "syst": 0.0,
                    "value": 1.4712506941949142
                },
                "abseta:[1.2,2.1]": {
                    "stat": 0.12111017832511645,
                    "syst": 0.0,
                    "value": 1.316099808864849
                },
                "abseta:[2.1,2.4]": {
                    "stat": 0.6176676766586754,
                    "syst": 0.0,
                    "value": 3.3684650153613664
                }
            },
            "pt:[15.0,20.0]": {
                "abseta:[0.0,0.9]": {
                    "stat": 0.11871386257729896,
                    "syst": 0.0,
                    "value": 1.024571551810821
                },
                "abseta:[0.9,1.2]": {
                    "stat": 0.24133121030733187,
                    "syst": 0.0,
                    "value": 1.2698039508441776
                },
                "abseta:[1.2,2.1]": {
                    "stat": 0.1396950690691813,
                    "syst": 0.0,
                    "value": 1.1768539796516002
                },
                "abseta:[2.1,2.4]": {
                    "stat": 0.843560596692893,
                    "syst": 0.0,
                    "value": 2.877324418116368
                }
            },
            "pt:[2.0,2.5]": {
                "abseta:[0.0,0.9]": {
                    "stat": 0.0,
                    "syst": 0.0,
                    "value": 1.0
                },
                "abseta:[0.9,1.2]": {
                    "stat": 0.0,
                    "syst": 0.0,
                    "value": 1.0
                },
                "abseta:[1.2,2.1]": {
                    "stat": 0.07500822583059102,
                    "syst": 0.0,
                    "value": 1.0638124338454755
                },
                "abseta:[2.1,2.4]": {
                    "stat": 0.4021476966285865,
                    "syst": 0.0,
                    "value": 1.1295730364592456
                }
            },
            "pt:[2.5,2.75]": {
                "abseta:[0.0,0.9]": {
                    "stat": 0.0,
                    "syst": 0.0,
                    "value": 1.0
                },
                "abseta:[0.9,1.2]": {
                    "stat": 0.0,
                    "syst": 0.0,
                    "value": 1.0
                },
                "abseta:[1.2,2.1]": {
                    "stat": 0.15276337787732944,
                    "syst": 0.0,
                    "value": 1.2684043160268568
                },
                "abseta:[2.1,2.4]": {
                    "stat": 0.898502408892126,
                    "syst": 0.0,
                    "value": 2.98699232357154
                }
            },
            "pt:[2.75,3.0]": {
                "abseta:[0.0,0.9]": {
                    "stat": 0.0,
                    "syst": 0.0,
                    "value": 1.0
                },
                "abseta:[0.9,1.2]": {
                    "stat": 0.0,
                    "syst": 0.0,
                    "value": 1.0
                },
                "abseta:[1.2,2.1]": {
                    "stat": 0.2116378522731086,
                    "syst": 0.0,
                    "value": 1.6172188455021328
                },
                "abseta:[2.1,2.4]": {
                    "stat": 0.8623970743875897,
                    "syst": 0.0,
                    "value": 1.9808635598302269
                }
            },
            "pt:[20.0,30.0]": {
                "abseta:[0.0,0.9]": {
                    "stat": 0.1234186785452767,
                    "syst": 0.0,
                    "value": 0.9881893686081984
                },
                "abseta:[0.9,1.2]": {
                    "stat": 0.15345196937443165,
                    "syst": 0.0,
                    "value": 0.8162502640361178
                },
                "abseta:[1.2,2.1]": {
                    "stat": 0.13606585612007022,
                    "syst": 0.0,
                    "value": 1.2172708467722642
                },
                "abseta:[2.1,2.4]": {
                    "stat": 0.31716160468209065,
                    "syst": 0.0,
                    "value": 1.164829248696417
                }
            },
            "pt:[3.0,3.25]": {
                "abseta:[0.0,0.9]": {
                    "stat": 0.0,
                    "syst": 0.0,
                    "value": 1.0
                },
                "abseta:[0.9,1.2]": {
                    "stat": 0.0,
                    "syst": 0.0,
                    "value": 1.0
                },
                "abseta:[1.2,2.1]": {
                    "stat": 0.2530608197733237,
                    "syst": 0.0,
                    "value": 1.475682573267753
                },
                "abseta:[2.1,2.4]": {
                    "stat": 0.43005798990762606,
                    "syst": 0.0,
                    "value": 1.5701164573915023
                }
            },
            "pt:[3.25,3.5]": {
                "abseta:[0.0,0.9]": {
                    "stat": 0.0,
                    "syst": 0.0,
                    "value": 1.0
                },