{
    "NUM_Tau3MuTracker_DEN_genTracks": {
        "pt": {
            "binning": [
                {
                    "binning": [
                        1.2,
                        1.5,
                        2.0,
                        2.5,
                        2.75,
                        3.0,
                        3.25,
                        3.5,
                        3.75,
                        4.0,
                        4.5,
                        5.0,
                        6.0,
                        8.0,
                        10.0,
                        15.0,
                        20.0,
                        30.0,
                        40.0
                    ],
                    "variable": "pt"
                }
            ],
            "pt:[1.2,1.5]": {
                "stat": 0.09064785176432014,
                "syst": 0.0,
                "value": 1.036688796715647
            },
            "pt:[1.5,2.0]": {
                "stat": 0.06996174836263229,
                "syst": 0.0,
                "value": 1.107339534534134
            },
            "pt:[10.0,15.0]": {
                "stat": 0.07027979679391447,
                "syst": 0.0,
                "value": 1.23223567530163
            },
            "pt:[15.0,20.0]": {
                "stat": 0.08592819719223037,
                "syst": 0.0,
                "value": 1.1147863982440958
            },
            "pt:[2.0,2.5]": {
                "stat": 0.07427891761737841,
                "syst": 0.0,
                "value": 1.0659587198190659
            },
            "pt:[2.5,2.75]": {
                "stat": 0.12827912694237564,
                "syst": 0.0,
                "value": 1.277533324552141
            },
            "pt:[2.75,3.0]": {
                "stat": 0.20320371658682196,
                "syst": 0.0,
                "value": 1.5158077453168066
            },
            "pt:[20.0,30.0]": {
                "stat": 0.0779372097726,
                "syst": 0.0,
                "value": 1.0380584602803922
            },
            "pt:[3.0,3.25]": {
                "stat": 0.214427680341941,
                "syst": 0.0,
                "value": 1.630117099570693
            },
            "pt:[3.25,3.5]": {
                "stat": 0.2935498593994059,
                "syst": 0.0,
                "value": 1.3119837796875238
            },
            "pt:[3.5,3.75]": {
                "stat": 0.08308473096924725,
                "syst": 0.0,
                "value": 0.903629359342943
            },
            "pt:[3.75,4.0]": {
                "stat": 0.12480289428008268,
                "syst": 0.0,
                "value": 1.2168739828118988
            },
            "pt:[30.0,40.0]": {
                "stat": 0.10574968374534316,
                "syst": 0.0,
                "value": 0.9972049158028727
            },
            "pt:[4.0,4.5]": {
                "stat": 0.11990161752885431,
                "syst": 0.0,
                "value": 1.2273887163851205
            },
            "pt:[4.5,5.0]": {
                "stat": 0.15997608563355004,
                "syst": 0.0,
                "value": 1.2473186706653807
            },
            "pt:[5.0,6.0]": {
                "stat": 0.11709977244711953,
                "syst": 0.0,
                "value": 1.3764062491970208
            },
            "pt:[6.0,8.0]": {
                "stat": 0.08881550165918722,
                "syst": 0.0,
                "value": 1.1943044520645059
            },
            "pt:[8.0,10.0]": {
                "stat": 0.061267810721149396,
                "syst": 0.0,
                "value": 1.2080072123076409
            }
        }
    }
}