{
    "NUM_Tau3MuTracker_DEN_genTracks": {
        "abseta": {
            "abseta:[0.0,0.9]": {
                "stat": 0.04004507126353431,
                "syst": 0.0,
                "value": 1.0282593638980577
            },
            "abseta:[0.9,1.2]": {
                "stat": 0.069061366747027,
                "syst": 0.0,
                "value": 1.1212348659055775
            },
            "abseta:[1.2,2.1]": {
                "stat": 0.02996862008801867,
                "syst": 0.0,
                "value": 1.022428459385929
            },
            "abseta:[2.1,2.4]": {
                "stat": 0.11355689299048537,
                "syst": 0.0,
                "value": 1.7956464286323595
            },
            "binning": [
                {
                    "binning": [
                        0.0,
                        0.9,
                        1.2,
                        2.1,
                        2.4
                    ],
                    "variable": "abseta"
                }
            ]
        }
    }
}