{
    "NUM_Tau3MuGlobal_DEN_genTracks": {
        "pt": {
            "binning": [
                {
                    "binning": [
                        1.2,
                        1.5,
                        2.0,
                        2.5,
                        2.75,
                        3.0,
                        3.25,
                        3.5,
                        3.75,
                        4.0,
                        4.5,
                        5.0,
                        6.0,
                        8.0,
                        10.0,
                        15.0,
                        20.0,
                        30.0,
                        40.0
                    ],
                    "variable": "pt"
                }
            ],
            "pt:[1.2,1.5]": {
                "stat": 0.07441500284844255,
                "syst": 0.0,
                "value": 1.0932435863398204
            },
            "pt:[1.5,2.0]": {
                "stat": 0.030526036932188073,
                "syst": 0.0,
                "value": 0.963120540599778
            },
            "pt:[10.0,15.0]": {
                "stat": 0.005399173396127253,
                "syst": 0.0,
                "value": 0.9525013424203983
            },
            "pt:[15.0,20.0]": {
                "stat": 0.00757441758343422,
                "syst": 0.0,
                "value": 0.944188428396618
            },
            "pt:[2.0,2.5]": {
                "stat": 0.017559640287620786,
                "syst": 0.0,
                "value": 0.9622662550473869
            },
            "pt:[2.5,2.75]": {
                "stat": 0.02208846204335758,
                "syst": 0.0,
                "value": 0.966063582796779
            },
            "pt:[2.75,3.0]": {
                "stat": 0.019567911076724006,
                "syst": 0.0,
                "value": 0.9790069245265234
            },
            "pt:[20.0,30.0]": {
                "stat": 0.007427092645167803,
                "syst": 0.0,
                "value": 0.9301221711755345
            },
            "pt:[3.0,3.25]": {
                "stat": 0.019070165543012094,
                "syst": 0.0,
                "value": 0.9456322703033201
            },
            "pt:[3.25,3.5]": {
                "stat": 0.019444876557812484,
                "syst": 0.0,
                "value": 0.9539655842370517
            },
            "pt:[3.5,3.75]": {
                "stat": 0.013671191409322124,
                "syst": 0.0,
                "value": 0.9603985823955502
            },
            "pt:[3.75,4.0]": {
                "stat": 0.013090161036541346,
                "syst": 0.0,
                "value": 0.9562246506560844
            },
            "pt:[30.0,40.0]": {
                "stat": 0.016500522687845885,
                "syst": 0.0,
                "value": 0.9281985384614694
            },
            "pt:[4.0,4.5]": {
                "stat": 0.0040771801072828255,
                "syst": 0.0,
                "value": 0.9455930716704802
            },
            "pt:[4.5,5.0]": {
                "stat": 0.008795213195921626,
                "syst": 0.0,
                "value": 0.9604687626557492
            },
            "pt:[5.0,6.0]": {
                "stat": 0.006545839274963918,
                "syst": 0.0,
                "value": 0.9582834092902679
            },
            "pt:[6.0,8.0]": {
                "stat": 0.0052707605099842425,
                "syst": 0.0,
                "value": 0.9623822929105047
            },
            "pt:[8.0,10.0]": {
                "stat": 0.0037499391837117497,
                "syst": 0.0,
                "value": 0.9610287473917707
            }
        }
    }
}