{
    "NUM_Tau3MuGlobal_DEN_genTracks": {
        "pair_dR": {
            "binning": [
                {
                    "binning": [
                        0.0,
                        0.1,
                        0.15,
                        0.2,
                        0.25,
                        0.35,
                        0.4,
                        0.8
                    ],
                    "variable": "pair_dR"
                }
            ],
            "pair_dR:[0.0,0.1]": {
                "stat": 0.013811106162271174,
                "syst": 0.0,
                "value": 1.007718622882606
            },
            "pair_dR:[0.1,0.15]": {
                "stat": 0.007789879263532614,
                "syst": 0.0,
                "value": 0.9793099319746505
            },
            "pair_dR:[0.15,0.2]": {
                "stat": 0.005453934019666999,
                "syst": 0.0,
                "value": 0.9812788067186663
            },
            "pair_dR:[0.2,0.25]": {
                "stat": 0.004893824349875596,
                "syst": 0.0,
                "value": 0.9843850899826759
            },
            "pair_dR:[0.25,0.35]": {
                "stat": 0.0039278621644709385,
                "syst": 0.0,
                "value": 0.9140971894780809
            },
            "pair_dR:[0.35,0.4]": {
                "stat": 0.010409578268018442,
                "syst": 0.0,
                "value": 0.8053663803573142
            },
            "pair_dR:[0.4,0.8]": {
                "stat": 0.008559574041798001,
                "syst": 0.0,
                "value": 0.5057010029893075
            }
        }
    }
}