{
    "NUM_Tau3MuGlobal_DEN_genTracks": {
        "pt_abseta": {
            "binning": [
                {
                    "binning": [
                        1.2,
                        1.5,
                        2.0,
                        2.5,
                        2.75,
                        3.0,
                        3.25,
                        3.5,
                        3.75,
                        4.0,
                        4.5,
                        5.0,
                        6.0,
                        8.0,
                        10.0,
                        15.0,
                        20.0,
                        30.0,
                        40.0
                    ],
                    "variable": "pt"
                },
                {
                    "binning": [
                        0.0,
                        0.9,
                        1.2,
                        2.1,
                        2.4
                    ],
                    "variable": "abseta"
                }
            ],
            "pt:[1.2,1.5]": {
                "abseta:[0.0,0.9]": {
                    "stat": 0.0,
                    "syst": 0.0,
                    "value": 1.0
                },
                "abseta:[0.9,1.2]": {
                    "stat": 0.0,
                    "syst": 0.0,
                    "value": 1.0
                },
                "abseta:[1.2,2.1]": {
                    "stat": 0.19660723605596978,
                    "syst": 0.0,
                    "value": 1.4843435104404314
                },
                "abseta:[2.1,2.4]": {
                    "stat": 0.09189292265423513,
                    "syst": 0.0,
                    "value": 1.1723512165334409
                }
            },
            "pt:[1.5,2.0]": {
                "abseta:[0.0,0.9]": {
                    "stat": 0.0,
                    "syst": 0.0,
                    "value": 1.0
                },
                "abseta:[0.9,1.2]": {
                    "stat": 0.0,
                    "syst": 0.0,
                    "value": 1.0
                },
                "abseta:[1.2,2.1]": {
                    "stat": 0.041982350319829644,
                    "syst": 0.0,
                    "value": 1.0351479472278369
                },
                "abseta:[2.1,2.4]": {
                    "stat": 0.05985676803931079,
                    "syst": 0.0,
                    "value": 1.0974398864716328
                }
            },
            "pt:[10.0,15.0]": {
                "abseta:[0.0,0.9]": {
                    "stat": 0.0072733410672205425,
                    "syst": 0.0,
                    "value": 0.9707736611655009
                },
                "abseta:[0.9,1.2]": {
                    "stat": 0.014220475630912345,
                    "syst": 0.0,
                    "value": 0.9563549713056566
                },
                "abseta:[1.2,2.1]": {
                    "stat": 0.010198714775603406,
                    "syst": 0.0,
                    "value": 0.9168037735931714
                },
                "abseta:[2.1,2.4]": {
                    "stat": 0.02817117320420289,
                    "syst": 0.0,
                    "value": 0.7953809163531865
                }
            },
            "pt:[15.0,20.0]": {
                "abseta:[0.0,0.9]": {
                    "stat": 0.010750513226245366,
                    "syst": 0.0,
                    "value": 0.9604982060724738
                },
                "abseta:[0.9,1.2]": {
                    "stat": 0.020831515038779932,
                    "syst": 0.0,
                    "value": 0.951327270119246
                },
                "abseta:[1.2,2.1]": {
                    "stat": 0.014765864889785152,
                    "syst": 0.0,
                    "value": 0.9023450957924702
                },
                "abseta:[2.1,2.4]": {
                    "stat": 0.0419524526781817,
                    "syst": 0.0,
                    "value": 0.7549722685471905
                }
            },
            "pt:[2.0,2.5]": {
                "abseta:[0.0,0.9]": {
                    "stat": 0.0,
                    "syst": 0.0,
                    "value": 1.0
                },
                "abseta:[0.9,1.2]": {
                    "stat": 0.0,
                    "syst": 0.0,
                    "value": 1.0
                },
                "abseta:[1.2,2.1]": {
                    "stat": 0.021051622157855283,
                    "syst": 0.0,
                    "value": 0.9920036797310727
                },
                "abseta:[2.1,2.4]": {
                    "stat": 0.039746105368096966,
                    "syst": 0.0,
                    "value": 0.8829539624983657
                }
            },
            "pt:[2.5,2.75]": {
                "abseta:[0.0,0.9]": {
                    "stat": 0.0,
                    "syst": 0.0,
                    "value": 1.0
                },
                "abseta:[0.9,1.2]": {
                    "stat": 0.0,
                    "syst": 0.0,
                    "value": 1.0
                },
                "abseta:[1.2,2.1]": {
                    "stat": 0.02376816588780414,
                    "syst": 0.0,
                    "value": 0.9807502428095958
                },
                "abseta:[2.1,2.4]": {
                    "stat": 0.06066157532783407,
                    "syst": 0.0,
                    "value": 0.9393043177854832
                }
            },
            "pt:[2.75,3.0]": {
                "abseta:[0.0,0.9]": {
                    "stat": 0.0,
                    "syst": 0.0,
                    "value": 1.0
                },
                "abseta:[0.9,1.2]": {
                    "stat": 0.0,
                    "syst": 0.0,
                    "value": 1.0
                },
                "abseta:[1.2,2.1]": {
                    "stat": 0.020796089339195575,
                    "syst": 0.0,
                    "value": 0.9839317166647786
                },
                "abseta:[2.1,2.4]": {
                    "stat": 0.052097599077565,
                    "syst": 0.0,
                    "value": 0.9712675467348703
                }
            },
            "pt:[20.0,30.0]": {
                "abseta:[0.0,0.9]": {
                    "stat": 0.01212205931175132,
                    "syst": 0.0,
                    "value": 0.9492960639522493
                },
                "abseta:[0.9,1.2]": {
                    "stat": 0.024061443144326237,
                    "syst": 0.0,
                    "value": 0.9451871788798163
                },
                "abseta:[1.2,2.1]": {
                    "stat": 0.012057953850179064,
                    "syst": 0.0,
                    "value": 0.8594667847933561
                },
                "abseta:[2.1,2.4]": {
                    "stat": 0.03749315227800186,
                    "syst": 0.0,
                    "value": 0.7993948976716715
                }
            },
            "pt:[3.0,3.25]": {
                "abseta:[0.0,0.9]": {
                    "stat": 0.0,
                    "syst": 0.0,
                    "value": 1.0
                },
                "abseta:[0.9,1.2]": {
                    "stat": 0.0,
                    "syst": 0.0,
                    "value": 1.0
                },
                "abseta:[1.2,2.1]": {
                    "stat": 0.0209176522854564,
                    "syst": 0.0,
                    "value": 0.9602929014487046
                },
                "abseta:[2.1,2.4]": {
                    "stat": 0.06481909107544119,
                    "syst": 0.0,
                    "value": 0.811316058169552
                }
            },
            "pt:[3.25,3.5]": {
                "abseta:[0.0,0.9]": {
                    "stat": 0.0,
                    "syst": 0.0,