{
    "NUM_Tau3MuGlobal_DEN_genTracks": {
        "abseta": {
            "abseta:[0.0,0.9]": {
                "stat": 0.003153096255758148,
                "syst": 0.0,
                "value": 0.9761198755428003
            },
            "abseta:[0.9,1.2]": {
                "stat": 0.005955141015226232,
                "syst": 0.0,
                "value": 0.9572348707149473
            },
            "abseta:[1.2,2.1]": {
                "stat": 0.004372928543188645,
                "syst": 0.0,
                "value": 1.0436909900437092
            },
            "abseta:[2.1,2.4]": {
                "stat": 0.011086194760655041,
                "syst": 0.0,
                "value": 0.8845385588370633
            },
            "binning": [
                {
                    "binning": [
                        0.0,
                        0.9,
                        1.2,
                        2.1,
                        2.4
                    ],
                    "variable": "abseta"
                }
            ]
        }
    }
}