{
    "NUM_Tau3MuGlobal_DEN_genTracks": {
        "pt": {
            "binning": [
                {
                    "binning": [
                        1.2,
                        1.5,
                        2.0,
                        2.5,
                        2.75,
                        3.0,
                        3.25,
                        3.5,
                        3.75,
                        4.0,
                        4.5,
                        5.0,
                        6.0,
                        8.0,
                        10.0,
                        15.0,
                        20.0,
                        30.0,
                        40.0
                    ],
                    "variable": "pt"
                }
            ],
            "pt:[1.2,1.5]": {
                "stat": 0.10673787032131965,
                "syst": 0.0,
                "value": 1.1825930051335145
            },
            "pt:[1.5,2.0]": {
                "stat": 0.03816684237526799,
                "syst": 0.0,
                "value": 0.9497451020775577
            },
            "pt:[10.0,15.0]": {
                "stat": 0.007456649690375517,
                "syst": 0.0,
                "value": 0.9793263881908665
            },
            "pt:[15.0,20.0]": {
                "stat": 0.011551173381924514,
                "syst": 0.0,
                "value": 0.972027666138091
            },
            "pt:[2.0,2.5]": {
                "stat": 0.024221064314097502,
                "syst": 0.0,
                "value": 0.95595897749612
            },
            "pt:[2.5,2.75]": {
                "stat": 0.029022819030570038,
                "syst": 0.0,
                "value": 0.9654243713884277
            },
            "pt:[2.75,3.0]": {
                "stat": 0.0265943327323284,
                "syst": 0.0,
                "value": 0.9854823918612666
            },
            "pt:[20.0,30.0]": {
                "stat": 0.013180908055534773,
                "syst": 0.0,
                "value": 0.9695083809769836
            },
            "pt:[3.0,3.25]": {
                "stat": 0.02661405868219833,
                "syst": 0.0,
                "value": 0.9576047179122836
            },
            "pt:[3.25,3.5]": {
                "stat": 0.02628189789898755,
                "syst": 0.0,
                "value": 0.9476325712833387
            },
            "pt:[3.5,3.75]": {
                "stat": 0.019372844316750355,
                "syst": 0.0,
                "value": 0.9856023751309978
            },
            "pt:[3.75,4.0]": {
                "stat": 0.018086567234507977,
                "syst": 0.0,
                "value": 0.9751051224656281
            },
            "pt:[30.0,40.0]": {
                "stat": 0.023240434642839206,
                "syst": 0.0,
                "value": 0.9854400349226287
            },
            "pt:[4.0,4.5]": {
                "stat": 0.012476301333123448,
                "syst": 0.0,
                "value": 0.9687211385845914
            },
            "pt:[4.5,5.0]": {
                "stat": 0.010210637909206908,
                "syst": 0.0,
                "value": 0.9872816881648391
            },
            "pt:[5.0,6.0]": {
                "stat": 0.008520071462547772,
                "syst": 0.0,
                "value": 0.9777119914737172
            },
            "pt:[6.0,8.0]": {
                "stat": 0.0061691359592761,
                "syst": 0.0,
                "value": 0.9828318956466999
            },
            "pt:[8.0,10.0]": {
                "stat": 0.009297110976992866,
                "syst": 0.0,
                "value": 0.9801707676951331
            }
        }
    }
}