{
    "NUM_Tau3MuGlobal_DEN_genTracks": {
        "pt_abseta": {
            "binning": [
                {
                    "binning": [
                        1.2,
                        1.5,
                        2.0,
                        2.5,
                        2.75,
                        3.0,
                        3.25,
                        3.5,
                        3.75,
                        4.0,
                        4.5,
                        5.0,
                        6.0,
                        8.0,
                        10.0,
                        15.0,
                        20.0,
                        30.0,
                        40.0
                    ],
                    "variable": "pt"
                },
                {
                    "binning": [
                        0.0,
                        0.9,
                        1.2,
                        2.1,
                        2.4
                    ],
                    "variable": "abseta"
                }
            ],
            "pt:[1.2,1.5]": {
                "abseta:[0.0,0.9]": {
                    "stat": 0.0,
                    "syst": 0.0,
                    "value": 1.0
                },
                "abseta:[0.9,1.2]": {
                    "stat": 0.0,
                    "syst": 0.0,
                    "value": 1.0
                },
                "abseta:[1.2,2.1]": {
                    "stat": 0.2630181401116577,
                    "syst": 0.0,
                    "value": 1.6224539277486256
                },
                "abseta:[2.1,2.4]": {
                    "stat": 0.11994562502507125,
                    "syst": 0.0,
                    "value": 1.202938462414178
                }
            },
            "pt:[1.5,2.0]": {
                "abseta:[0.0,0.9]": {
                    "stat": 0.0,
                    "syst": 0.0,
                    "value": 1.0
                },
                "abseta:[0.9,1.2]": {
                    "stat": 0.0,
                    "syst": 0.0,
                    "value": 1.0
                },
                "abseta:[1.2,2.1]": {
                    "stat": 0.04280645266540227,
                    "syst": 0.0,
                    "value": 0.9306661797844236
                },
                "abseta:[2.1,2.4]": {
                    "stat": 0.07455901034385988,
                    "syst": 0.0,
                    "value": 1.1476965296356294
                }
            },
            "pt:[10.0,15.0]": {
                "abseta:[0.0,0.9]": {
                    "stat": 0.01035325309056803,
                    "syst": 0.0,
                    "value": 0.9916357573885212
                },
                "abseta:[0.9,1.2]": {
                    "stat": 0.020711651895696084,
                    "syst": 0.0,
                    "value": 0.9803292503124994
                },
                "abseta:[1.2,2.1]": {
                    "stat": 0.014580764212255702,
                    "syst": 0.0,
                    "value": 0.9522640334619392
                },
                "abseta:[2.1,2.4]": {
                    "stat": 0.03779029204886597,
                    "syst": 0.0,
                    "value": 0.8502852216854682
                }
            },
            "pt:[15.0,20.0]": {
                "abseta:[0.0,0.9]": {
                    "stat": 0.015769567293448094,
                    "syst": 0.0,
                    "value": 0.9793949429020792
                },
                "abseta:[0.9,1.2]": {
                    "stat": 0.031072702212241166,
                    "syst": 0.0,
                    "value": 0.9906212846182224
                },
                "abseta:[1.2,2.1]": {
                    "stat": 0.021480171484157984,
                    "syst": 0.0,
                    "value": 0.9474009386736855
                },
                "abseta:[2.1,2.4]": {
                    "stat": 0.04302834220781897,
                    "syst": 0.0,
                    "value": 0.682521468482539
                }
            },
            "pt:[2.0,2.5]": {
                "abseta:[0.0,0.9]": {
                    "stat": 0.0,
                    "syst": 0.0,
                    "value": 1.0
                },
                "abseta:[0.9,1.2]": {
                    "stat": 0.0,
                    "syst": 0.0,
                    "value": 1.0
                },
                "abseta:[1.2,2.1]": {
                    "stat": 0.02730638083883518,
                    "syst": 0.0,
                    "value": 0.9705729805366943
                },
                "abseta:[2.1,2.4]": {
                    "stat": 0.05097947031261703,
                    "syst": 0.0,
                    "value": 0.9014987440593073
                }
            },
            "pt:[2.5,2.75]": {
                "abseta:[0.0,0.9]": {
                    "stat": 0.0,
                    "syst": 0.0,
                    "value": 1.0
                },
                "abseta:[0.9,1.2]": {
                    "stat": 0.0,
                    "syst": 0.0,
                    "value": 1.0
                },
                "abseta:[1.2,2.1]": {
                    "stat": 0.03121193229564944,
                    "syst": 0.0,
                    "value": 0.977819804848645
                },
                "abseta:[2.1,2.4]": {
                    "stat": 0.05895221989504708,
                    "syst": 0.0,
                    "value": 0.9486386388822476
                }
            },
            "pt:[2.75,3.0]": {
                "abseta:[0.0,0.9]": {
                    "stat": 0.0,
                    "syst": 0.0,
                    "value": 1.0
                },
                "abseta:[0.9,1.2]": {
                    "stat": 0.0,
                    "syst": 0.0,
                    "value": 1.0
                },
                "abseta:[1.2,2.1]": {
                    "stat": 0.028289814071774454,
                    "syst": 0.0,
                    "value": 0.9862872974913199
                },
                "abseta:[2.1,2.4]": {
                    "stat": 0.07426448684953631,
                    "syst": 0.0,
                    "value": 0.9860425994106531
                }
            },
            "pt:[20.0,30.0]": {
                "abseta:[0.0,0.9]": {
                    "stat": 0.017705884230135114,
                    "syst": 0.0,
                    "value": 0.9764301643740465
                },
                "abseta:[0.9,1.2]": {
                    "stat": 0.0375661389887697,
                    "syst": 0.0,
                    "value": 1.0190478779532157
                },
                "abseta:[1.2,2.1]": {
                    "stat": 0.024239628183426776,
                    "syst": 0.0,
                    "value": 0.9110429173262117
                },
                "abseta:[2.1,2.4]": {
                    "stat": 0.06129780270685208,
                    "syst": 0.0,
                    "value": 0.8283984720564441
                }
            },
            "pt:[3.0,3.25]": {
                "abseta:[0.0,0.9]": {
                    "stat": 0.0,
                    "syst": 0.0,
                    "value": 1.0
                },
                "abseta:[0.9,1.2]": {
                    "stat": 0.0,
                    "syst": 0.0,
                    "value": 1.0
                },
                "abseta:[1.2,2.1]": {
                    "stat": 0.025669884260400542,
                    "syst": 0.0,
                    "value": 0.96492341595921
                },
                "abseta:[2.1,2.4]": {
                    "stat": 0.07987257027812321,
                    "syst": 0.0,
                    "value": 0.8654680397015733
                }
            },
            "pt:[3.25,3.5]": {
                "abseta:[0.0,0.9]": {
                    "stat": 0.0,
                    "syst": 0.0,