{
    "NUM_Tau3MuGlobal_DEN_genTracks": {
        "abseta": {
            "abseta:[0.0,0.9]": {
                "stat": 0.0046715526494125,
                "syst": 0.0,
                "value": 0.9897425913247707
            },
            "abseta:[0.9,1.2]": {
                "stat": 0.007279055147644201,
                "syst": 0.0,
                "value": 0.982819141534065
            },
            "abseta:[1.2,2.1]": {
                "stat": 0.005308496284509343,
                "syst": 0.0,
                "value": 0.9834949845744104
            },
            "abseta:[2.1,2.4]": {
                "stat": 0.013944251953563531,
                "syst": 0.0,
                "value": 0.8962579501745949
            },
            "binning": [
                {
                    "binning": [
                        0.0,
                        0.9,
                        1.2,
                        2.1,
                        2.4
                    ],
                    "variable": "abseta"
                }
            ]
        }
    }
}