{
    "NUM_Tau3MuGlobal_DEN_genTracks": {
        "pair_dR": {
            "binning": [
                {
                    "binning": [
                        0.0,
                        0.1,
                        0.15,
                        0.2,
                        0.25,
                        0.35,
                        0.4,
                        0.8
                    ],
                    "variable": "pair_dR"
                }
            ],
            "pair_dR:[0.0,0.1]": {
                "stat": 0.01545237678561482,
                "syst": 0.0,
                "value": 0.994027049012857
            },
            "pair_dR:[0.1,0.15]": {
                "stat": 0.00884984099757969,
                "syst": 0.0,
                "value": 0.9778156075901402
            },
            "pair_dR:[0.15,0.2]": {
                "stat": 0.005993158296334057,
                "syst": 0.0,
                "value": 0.9794656310654488
            },
            "pair_dR:[0.2,0.25]": {
                "stat": 0.006553582994107184,
                "syst": 0.0,
                "value": 0.9806308663131209
            },
            "pair_dR:[0.25,0.35]": {
                "stat": 0.005714194591820495,
                "syst": 0.0,
                "value": 0.9755881004106495
            },
            "pair_dR:[0.35,0.4]": {
                "stat": 0.016118217808371974,
                "syst": 0.0,
                "value": 0.9567391872903792
            },
            "pair_dR:[0.4,0.8]": {
                "stat": 0.020488468714736342,
                "syst": 0.0,
                "value": 0.9554331803554401
            }
        }
    }
}