{
    "NUM_LooseMuons_DEN_genTracks": {
        "pt_abseta": {
            "binning": [
                {
                    "binning": [
                        1.2,
                        1.5,
                        2.0,
                        2.5,
                        2.75,
                        3.0,
                        3.25,
                        3.5,
                        3.75,
                        4.0,
                        4.5,
                        5.0,
                        6.0,
                        8.0,
                        10.0,
                        15.0,
                        20.0,
                        30.0,
                        40.0
                    ],
                    "variable": "pt"
                },
                {
                    "binning": [
                        0.0,
                        0.9,
                        1.2,
                        2.1,
                        2.4
                    ],
                    "variable": "abseta"
                }
            ],
            "pt:[1.2,1.5]": {
                "abseta:[0.0,0.9]": {
                    "stat": 0.0,
                    "syst": 0.0,
                    "value": 1.0
                },
                "abseta:[0.9,1.2]": {
                    "stat": 0.0,
                    "syst": 0.0,
                    "value": 1.0
                },
                "abseta:[1.2,2.1]": {
                    "stat": 0.08855444834955925,
                    "syst": 0.0,
                    "value": 0.999403467300125
                },
                "abseta:[2.1,2.4]": {
                    "stat": 0.2222207573891081,
                    "syst": 0.0,
                    "value": 0.9878224365584655
                }
            },
            "pt:[1.5,2.0]": {
                "abseta:[0.0,0.9]": {
                    "stat": 0.0,
                    "syst": 0.0,
                    "value": 1.0
                },
                "abseta:[0.9,1.2]": {
                    "stat": 0.0,
                    "syst": 0.0,
                    "value": 1.0
                },
                "abseta:[1.2,2.1]": {
                    "stat": 0.04676777938057884,
                    "syst": 0.0,
                    "value": 1.000225065156491
                },
                "abseta:[2.1,2.4]": {
                    "stat": 0.1121587138757474,
                    "syst": 0.0,
                    "value": 0.9988742112353749
                }
            },
            "pt:[10.0,15.0]": {
                "abseta:[0.0,0.9]": {
                    "stat": 0.018182715798331497,
                    "syst": 0.0,
                    "value": 0.9911967732086882
                },
                "abseta:[0.9,1.2]": {
                    "stat": 0.03880096761527069,
                    "syst": 0.0,
                    "value": 1.0046879591592641
                },
                "abseta:[1.2,2.1]": {
                    "stat": 0.02800416382758654,
                    "syst": 0.0,
                    "value": 0.9848907091769866
                },
                "abseta:[2.1,2.4]": {
                    "stat": 0.08309241467402519,
                    "syst": 0.0,
                    "value": 1.015089834652462
                }
            },
            "pt:[15.0,20.0]": {
                "abseta:[0.0,0.9]": {
                    "stat": 0.015070131684972576,
                    "syst": 0.0,
                    "value": 0.9843375457005864
                },
                "abseta:[0.9,1.2]": {
                    "stat": 0.0300642132450982,
                    "syst": 0.0,
                    "value": 1.0016665904428645
                },
                "abseta:[1.2,2.1]": {
                    "stat": 0.03966980270152777,
                    "syst": 0.0,
                    "value": 0.9608564925578612
                },
                "abseta:[2.1,2.4]": {
                    "stat": 0.1539459058931405,
                    "syst": 0.0,
                    "value": 1.2856746092442535
                }
            },
            "pt:[2.0,2.5]": {
                "abseta:[0.0,0.9]": {
                    "stat": 0.0,
                    "syst": 0.0,
                    "value": 1.0
                },
                "abseta:[0.9,1.2]": {
                    "stat": 0.0,
                    "syst": 0.0,
                    "value": 1.0
                },
                "abseta:[1.2,2.1]": {
                    "stat": 0.04161964870803993,
                    "syst": 0.0,
                    "value": 1.0010449103283325
                },
                "abseta:[2.1,2.4]": {
                    "stat": 0.0986838510312581,
                    "syst": 0.0,
                    "value": 1.0007799554003816
                }
            },
            "pt:[2.5,2.75]": {
                "abseta:[0.0,0.9]": {
                    "stat": 0.0,
                    "syst": 0.0,
                    "value": 1.0
                },
                "abseta:[0.9,1.2]": {
                    "stat": 0.0,
                    "syst": 0.0,
                    "value": 1.0
                },
                "abseta:[1.2,2.1]": {
                    "stat": 0.061325730079358515,
                    "syst": 0.0,
                    "value": 0.9993149617044926
                },
                "abseta:[2.1,2.4]": {
                    "stat": 0.12931219319912243,
                    "syst": 0.0,
                    "value": 0.9537288924282257
                }
            },
            "pt:[2.75,3.0]": {
                "abseta:[0.0,0.9]": {
                    "stat": 0.0,
                    "syst": 0.0,
                    "value": 1.0
                },
                "abseta:[0.9,1.2]": {
                    "stat": 0.0,
                    "syst": 0.0,
                    "value": 1.0
                },
                "abseta:[1.2,2.1]": {
                    "stat": 0.05379651487635501,
                    "syst": 0.0,
                    "value": 1.0044852178560897
                },
                "abseta:[2.1,2.4]": {
                    "stat": 0.13314809424025245,
                    "syst": 0.0,
                    "value": 1.0040679416503477
                }
            },
            "pt:[20.0,30.0]": {
                "abseta:[0.0,0.9]": {
                    "stat": 0.03305259014325451,
                    "syst": 0.0,
                    "value": 0.9832119987669625
                },
                "abseta:[0.9,1.2]": {
                    "stat": 0.05400279358938752,
                    "syst": 0.0,
                    "value": 0.9830431518240538
                },
                "abseta:[1.2,2.1]": {
                    "stat": 0.04129597369157015,
                    "syst": 0.0,
                    "value": 0.9124640189946678
                },
                "abseta:[2.1,2.4]": {
                    "stat": 0.1284290419383444,
                    "syst": 0.0,
                    "value": 0.9074508320014235
                }
            },
            "pt:[3.0,3.25]": {
                "abseta:[0.0,0.9]": {
                    "stat": 0.0,
                    "syst": 0.0,
                    "value": 1.0
                },
                "abseta:[0.9,1.2]": {
                    "stat": 0.0,
                    "syst": 0.0,
                    "value": 1.0
                },
                "abseta:[1.2,2.1]": {
                    "stat": 0.05594023253794843,
                    "syst": 0.0,
                    "value": 0.9959352388731573
                },
                "abseta:[2.1,2.4]": {
                    "stat": 0.09755603402521937,
                    "syst": 0.0,
                    "value": 0.6745146900521196
                }
            },
            "pt:[3.25,3.5]": {
                "abseta:[0.0,0.9]": {
                    "stat": 0.0,
                    "syst": 0.0,