{
    "NUM_LooseMuons_DEN_genTracks": {
        "abseta": {
            "abseta:[0.0,0.9]": {
                "stat": 0.008960551613991272,
                "syst": 0.0,
                "value": 0.9903179200670704
            },
            "abseta:[0.9,1.2]": {
                "stat": 0.016899177894227062,
                "syst": 0.0,
                "value": 0.9892313587502309
            },
            "abseta:[1.2,2.1]": {
                "stat": 0.010271771310102153,
                "syst": 0.0,
                "value": 0.9847628893960088
            },
            "abseta:[2.1,2.4]": {
                "stat": 0.030049081444435723,
                "syst": 0.0,
                "value": 0.9714492668346808
            },
            "binning": [
                {
                    "binning": [
                        0.0,
                        0.9,
                        1.2,
                        2.1,
                        2.4
                    ],
                    "variable": "abseta"
                }
            ]
        }
    }
}