{
    "NUM_LooseMuons_DEN_genTracks": {
        "pt": {
            "binning": [
                {
                    "binning": [
                        1.2,
                        1.5,
                        2.0,
                        2.5,
                        2.75,
                        3.0,
                        3.25,
                        3.5,
                        3.75,
                        4.0,
                        4.5,
                        5.0,
                        6.0,
                        8.0,
                        10.0,
                        15.0,
                        20.0,
                        30.0,
                        40.0
                    ],
                    "variable": "pt"
                }
            ],
            "pt:[1.2,1.5]": {
                "stat": 0.08311517482866741,
                "syst": 0.0,
                "value": 1.0005487760810134
            },
            "pt:[1.5,2.0]": {
                "stat": 0.05163670317358753,
                "syst": 0.0,
                "value": 0.9998254936147288
            },
            "pt:[10.0,15.0]": {
                "stat": 0.01178689655181998,
                "syst": 0.0,
                "value": 0.9873717517909354
            },
            "pt:[15.0,20.0]": {
                "stat": 0.022261671562919607,
                "syst": 0.0,
                "value": 0.9843690924235063
            },
            "pt:[2.0,2.5]": {
                "stat": 0.038399000379322104,
                "syst": 0.0,
                "value": 0.9993765593968291
            },
            "pt:[2.5,2.75]": {
                "stat": 0.02676731544528603,
                "syst": 0.0,
                "value": 1.0032362794995024
            },
            "pt:[2.75,3.0]": {
                "stat": 0.05124743173841075,
                "syst": 0.0,
                "value": 1.0028493943704817
            },
            "pt:[20.0,30.0]": {
                "stat": 0.023853157281247338,
                "syst": 0.0,
                "value": 0.9653218790355007
            },
            "pt:[3.0,3.25]": {
                "stat": 0.050952240540739754,
                "syst": 0.0,
                "value": 0.9674740628300652
            },
            "pt:[3.25,3.5]": {
                "stat": 0.05412679813501373,
                "syst": 0.0,
                "value": 0.9978406168921807
            },
            "pt:[3.5,3.75]": {
                "stat": 0.033801097074438916,
                "syst": 0.0,
                "value": 0.963480036459377
            },
            "pt:[3.75,4.0]": {
                "stat": 0.034563476915684385,
                "syst": 0.0,
                "value": 0.9831662522582498
            },
            "pt:[30.0,40.0]": {
                "stat": 0.04135834621864637,
                "syst": 0.0,
                "value": 0.9712684512136519
            },
            "pt:[4.0,4.5]": {
                "stat": 0.024804165793612908,
                "syst": 0.0,
                "value": 0.9837026877449785
            },
            "pt:[4.5,5.0]": {
                "stat": 0.025476524628148825,
                "syst": 0.0,
                "value": 0.9726365277527831
            },
            "pt:[5.0,6.0]": {
                "stat": 0.01206262058035168,
                "syst": 0.0,
                "value": 0.9903938215362872
            },
            "pt:[6.0,8.0]": {
                "stat": 0.015230667007651352,
                "syst": 0.0,
                "value": 0.9898322690523846
            },
            "pt:[8.0,10.0]": {
                "stat": 0.01831894163218242,
                "syst": 0.0,
                "value": 0.990952744274856
            }
        }
    }
}