{
    "NUM_LooseMuons_DEN_genTracks": {
        "pair_dR": {
            "binning": [
                {
                    "binning": [
                        0.0,
                        0.1,
                        0.15,
                        0.2,
                        0.25,
                        0.35,
                        0.4,
                        0.8
                    ],
                    "variable": "pair_dR"
                }
            ],
            "pair_dR:[0.0,0.1]": {
                "stat": 0.021962514322683608,
                "syst": 0.0,
                "value": 0.9729877797263212
            },
            "pair_dR:[0.1,0.15]": {
                "stat": 0.015715400836710105,
                "syst": 0.0,
                "value": 0.9764361921857434
            },
            "pair_dR:[0.15,0.2]": {
                "stat": 0.013108409280524796,
                "syst": 0.0,
                "value": 0.9876513292876239
            },
            "pair_dR:[0.2,0.25]": {
                "stat": 0.007266557590146456,
                "syst": 0.0,
                "value": 0.985720447312493
            },
            "pair_dR:[0.25,0.35]": {
                "stat": 0.011633701727164124,
                "syst": 0.0,
                "value": 0.9812122040129091
            },
            "pair_dR:[0.35,0.4]": {
                "stat": 0.03258237095709153,
                "syst": 0.0,
                "value": 1.0090888629622559
            },
            "pair_dR:[0.4,0.8]": {
                "stat": 0.022101755130246883,
                "syst": 0.0,
                "value": 1.0040244248639238
            }
        }
    }
}