{
    "NUM_LooseMuons_DEN_genTracks": {
        "pt": {
            "binning": [
                {
                    "binning": [
                        1.2,
                        1.5,
                        2.0,
                        2.5,
                        2.75,
                        3.0,
                        3.25,
                        3.5,
                        3.75,
                        4.0,
                        4.5,
                        5.0,
                        6.0,
                        8.0,
                        10.0,
                        15.0,
                        20.0,
                        30.0,
                        40.0
                    ],
                    "variable": "pt"
                }
            ],
            "pt:[1.2,1.5]": {
                "stat": 0.021415649801516307,
                "syst": 0.0,
                "value": 1.0020835348512818
            },
            "pt:[1.5,2.0]": {
                "stat": 0.020465008197999963,
                "syst": 0.0,
                "value": 1.0002172046560134
            },
            "pt:[10.0,15.0]": {
                "stat": 0.007483317829091424,
                "syst": 0.0,
                "value": 0.9870370184129181
            },
            "pt:[15.0,20.0]": {
                "stat": 0.008760086688097234,
                "syst": 0.0,
                "value": 0.9843631413276285
            },
            "pt:[2.0,2.5]": {
                "stat": 0.017980057661445323,
                "syst": 0.0,
                "value": 1.0000789998144066
            },
            "pt:[2.5,2.75]": {
                "stat": 0.02484833071645532,
                "syst": 0.0,
                "value": 0.9993849565131537
            },
            "pt:[2.75,3.0]": {
                "stat": 0.02397210589007063,
                "syst": 0.0,
                "value": 0.9999022800040053
            },
            "pt:[20.0,30.0]": {
                "stat": 0.01091931608168626,
                "syst": 0.0,
                "value": 0.9747168839635029
            },
            "pt:[3.0,3.25]": {
                "stat": 0.025362537414392195,
                "syst": 0.0,
                "value": 0.9791986312442965
            },
            "pt:[3.25,3.5]": {
                "stat": 0.025430699554443756,
                "syst": 0.0,
                "value": 0.9586363475226166
            },
            "pt:[3.5,3.75]": {
                "stat": 0.013828309057344298,
                "syst": 0.0,
                "value": 0.9744816869896176
            },
            "pt:[3.75,4.0]": {
                "stat": 0.016960450515557005,
                "syst": 0.0,
                "value": 0.9780351500898186
            },
            "pt:[30.0,40.0]": {
                "stat": 0.020154125981470063,
                "syst": 0.0,
                "value": 0.9623789342005348
            },
            "pt:[4.0,4.5]": {
                "stat": 0.00908043714026963,
                "syst": 0.0,
                "value": 0.9767574914257234
            },
            "pt:[4.5,5.0]": {
                "stat": 0.012344420268657742,
                "syst": 0.0,
                "value": 0.9899225173095859
            },
            "pt:[5.0,6.0]": {
                "stat": 0.009215304540277837,
                "syst": 0.0,
                "value": 0.9852931543822284
            },
            "pt:[6.0,8.0]": {
                "stat": 0.007432096753365292,
                "syst": 0.0,
                "value": 0.9878851934069216
            },
            "pt:[8.0,10.0]": {
                "stat": 0.0074667780675061034,
                "syst": 0.0,
                "value": 0.9868930633477324
            }
        }
    }
}