{
    "NUM_LooseMuons_DEN_genTracks": {
        "pair_dR": {
            "binning": [
                {
                    "binning": [
                        0.0,
                        0.1,
                        0.15,
                        0.2,
                        0.25,
                        0.35,
                        0.4,
                        0.8
                    ],
                    "variable": "pair_dR"
                }
            ],
            "pair_dR:[0.0,0.1]": {
                "stat": 0.013146498785847697,
                "syst": 0.0,
                "value": 0.9613094497113471
            },
            "pair_dR:[0.1,0.15]": {
                "stat": 0.00817800333220576,
                "syst": 0.0,
                "value": 0.980947005251329
            },
            "pair_dR:[0.15,0.2]": {
                "stat": 0.0055235149459873355,
                "syst": 0.0,
                "value": 0.9851364883665524
            },
            "pair_dR:[0.2,0.25]": {
                "stat": 0.006359365989795273,
                "syst": 0.0,
                "value": 0.9877090702774836
            },
            "pair_dR:[0.25,0.35]": {
                "stat": 0.0054483329980749345,
                "syst": 0.0,
                "value": 0.9838953893505759
            },
            "pair_dR:[0.35,0.4]": {
                "stat": 0.014256729331644414,
                "syst": 0.0,
                "value": 0.9876510885502134
            },
            "pair_dR:[0.4,0.8]": {
                "stat": 0.013136105463076832,
                "syst": 0.0,
                "value": 1.0013592632737465
            }
        }
    }
}