{
    "NUM_LooseMuons_DEN_genTracks": {
        "abseta": {
            "abseta:[0.0,0.9]": {
                "stat": 0.004387012775818156,
                "syst": 0.0,
                "value": 0.9915655447095543
            },
            "abseta:[0.9,1.2]": {
                "stat": 0.00658782417469038,
                "syst": 0.0,
                "value": 0.9821742039085717
            },
            "abseta:[1.2,2.1]": {
                "stat": 0.004866467246471414,
                "syst": 0.0,
                "value": 0.9844162582268012
            },
            "abseta:[2.1,2.4]": {
                "stat": 0.013142835168908436,
                "syst": 0.0,
                "value": 0.9486926990682077
            },
            "binning": [
                {
                    "binning": [
                        0.0,
                        0.9,
                        1.2,
                        2.1,
                        2.4
                    ],
                    "variable": "abseta"
                }
            ]
        }
    }
}