{
    "NUM_LooseMuons_DEN_genTracks": {
        "pt_abseta": {
            "binning": [
                {
                    "binning": [
                        1.2,
                        1.5,
                        2.0,
                        2.5,
                        2.75,
                        3.0,
                        3.25,
                        3.5,
                        3.75,
                        4.0,
                        4.5,
                        5.0,
                        6.0,
                        8.0,
                        10.0,
                        15.0,
                        20.0,
                        30.0,
                        40.0
                    ],
                    "variable": "pt"
                },
                {
                    "binning": [
                        0.0,
                        0.9,
                        1.2,
                        2.1,
                        2.4
                    ],
                    "variable": "abseta"
                }
            ],
            "pt:[1.2,1.5]": {
                "abseta:[0.0,0.9]": {
                    "stat": 0.0,
                    "syst": 0.0,
                    "value": 1.0
                },
                "abseta:[0.9,1.2]": {
                    "stat": 0.0,
                    "syst": 0.0,
                    "value": 1.0
                },
                "abseta:[1.2,2.1]": {
                    "stat": 0.030642246319328537,
                    "syst": 0.0,
                    "value": 1.0001797659294895
                },
                "abseta:[2.1,2.4]": {
                    "stat": 0.0436401742395731,
                    "syst": 0.0,
                    "value": 0.997641597444743
                }
            },
            "pt:[1.5,2.0]": {
                "abseta:[0.0,0.9]": {
                    "stat": 0.0,
                    "syst": 0.0,
                    "value": 1.0
                },
                "abseta:[0.9,1.2]": {
                    "stat": 0.0,
                    "syst": 0.0,
                    "value": 1.0
                },
                "abseta:[1.2,2.1]": {
                    "stat": 0.0219301279870255,
                    "syst": 0.0,
                    "value": 0.9998790339210617
                },
                "abseta:[2.1,2.4]": {
                    "stat": 0.05557614871436579,
                    "syst": 0.0,
                    "value": 0.9998683284097164
                }
            },
            "pt:[10.0,15.0]": {
                "abseta:[0.0,0.9]": {
                    "stat": 0.008723835020579093,
                    "syst": 0.0,
                    "value": 0.9920611966655604
                },
                "abseta:[0.9,1.2]": {
                    "stat": 0.0191114342731517,
                    "syst": 0.0,
                    "value": 0.9869739106842594
                },
                "abseta:[1.2,2.1]": {
                    "stat": 0.012490186802650672,
                    "syst": 0.0,
                    "value": 0.9780755485831889
                },
                "abseta:[2.1,2.4]": {
                    "stat": 0.03762798598482165,
                    "syst": 0.0,
                    "value": 0.9733402811711201
                }
            },
            "pt:[15.0,20.0]": {
                "abseta:[0.0,0.9]": {
                    "stat": 0.014890729411680823,
                    "syst": 0.0,
                    "value": 0.9862365360427328
                },
                "abseta:[0.9,1.2]": {
                    "stat": 0.02370766291323185,
                    "syst": 0.0,
                    "value": 0.988369504557923
                },
                "abseta:[1.2,2.1]": {
                    "stat": 0.02017680068301081,
                    "syst": 0.0,
                    "value": 0.9791148632904267
                },
                "abseta:[2.1,2.4]": {
                    "stat": 0.044865896928364596,
                    "syst": 0.0,
                    "value": 0.8834019230320049
                }
            },
            "pt:[2.0,2.5]": {
                "abseta:[0.0,0.9]": {
                    "stat": 0.0,
                    "syst": 0.0,
                    "value": 1.0
                },
                "abseta:[0.9,1.2]": {
                    "stat": 0.0,
                    "syst": 0.0,
                    "value": 1.0
                },
                "abseta:[1.2,2.1]": {
                    "stat": 0.018505231287640932,
                    "syst": 0.0,
                    "value": 1.0021412227221707
                },
                "abseta:[2.1,2.4]": {
                    "stat": 0.047699230500611214,
                    "syst": 0.0,
                    "value": 0.9986264517643514
                }
            },
            "pt:[2.5,2.75]": {
                "abseta:[0.0,0.9]": {
                    "stat": 0.0,
                    "syst": 0.0,
                    "value": 1.0
                },
                "abseta:[0.9,1.2]": {
                    "stat": 0.0,
                    "syst": 0.0,
                    "value": 1.0
                },
                "abseta:[1.2,2.1]": {
                    "stat": 0.02618321549776162,
                    "syst": 0.0,
                    "value": 0.9990308724069082
                },
                "abseta:[2.1,2.4]": {
                    "stat": 0.07496954591762604,
                    "syst": 0.0,
                    "value": 1.0003918056947911
                }
            },
            "pt:[2.75,3.0]": {
                "abseta:[0.0,0.9]": {
                    "stat": 0.0,
                    "syst": 0.0,
                    "value": 1.0
                },
                "abseta:[0.9,1.2]": {
                    "stat": 0.0,
                    "syst": 0.0,
                    "value": 1.0
                },
                "abseta:[1.2,2.1]": {
                    "stat": 0.025420187531341294,
                    "syst": 0.0,
                    "value": 0.9999928669280262
                },
                "abseta:[2.1,2.4]": {
                    "stat": 0.07157666643989481,
                    "syst": 0.0,
                    "value": 0.9999156759366166
                }
            },
            "pt:[20.0,30.0]": {
                "abseta:[0.0,0.9]": {
                    "stat": 0.014443761269934708,
                    "syst": 0.0,
                    "value": 0.9808801801083781
                },
                "abseta:[0.9,1.2]": {
                    "stat": 0.03259106331026142,
                    "syst": 0.0,
                    "value": 0.994161123149963
                },
                "abseta:[1.2,2.1]": {
                    "stat": 0.021189966907669604,
                    "syst": 0.0,
                    "value": 0.9416283546453064
                },
                "abseta:[2.1,2.4]": {
                    "stat": 0.05973667706677545,
                    "syst": 0.0,
                    "value": 0.926279753922304
                }
            },
            "pt:[3.0,3.25]": {
                "abseta:[0.0,0.9]": {
                    "stat": 0.0,
                    "syst": 0.0,
                    "value": 1.0
                },
                "abseta:[0.9,1.2]": {
                    "stat": 0.0,
                    "syst": 0.0,
                    "value": 1.0
                },
                "abseta:[1.2,2.1]": {
                    "stat": 0.026963867603667264,
                    "syst": 0.0,
                    "value": 0.9852416287291085
                },
                "abseta:[2.1,2.4]": {
                    "stat": 0.07647200595262173,
                    "syst": 0.0,
                    "value": 0.905508818006875
                }
            },
            "pt:[3.25,3.5]": {
                "abseta:[0.0,0.9]": {
                    "stat": 0.0,
                    "syst": 0.0,