{
    "NUM_Tau3MuGlobal_DEN_genTracks": {
        "abseta": {
            "abseta:[0.0,0.9]": {
                "stat": 0.007781455721178067,
                "syst": 0.0,
                "value": 0.9882111310973098
            },
            "abseta:[0.9,1.2]": {
                "stat": 0.017474550924831328,
                "syst": 0.0,
                "value": 0.9801550720389399
            },
            "abseta:[1.2,2.1]": {
                "stat": 0.01044169290336304,
                "syst": 0.0,
                "value": 0.9796363521126592
            },
            "abseta:[2.1,2.4]": {
                "stat": 0.03141130091257508,
                "syst": 0.0,
                "value": 0.8649110885044753
            },
            "binning": [
                {
                    "binning": [
                        0.0,
                        0.9,
                        1.2,
                        2.1,
                        2.4
                    ],
                    "variable": "abseta"
                }
            ]
        }
    }
}