{
    "NUM_Tau3MuGlobal_DEN_genTracks": {
        "pt_abseta": {
            "binning": [
                {
                    "binning": [
                        1.2,
                        1.5,
                        2.0,
                        2.5,
                        2.75,
                        3.0,
                        3.25,
                        3.5,
                        3.75,
                        4.0,
                        4.5,
                        5.0,
                        6.0,
                        8.0,
                        10.0,
                        15.0,
                        20.0,
                        30.0,
                        40.0
                    ],
                    "variable": "pt"
                },
                {
                    "binning": [
                        0.0,
                        0.9,
                        1.2,
                        2.1,
                        2.4
                    ],
                    "variable": "abseta"
                }
            ],
            "pt:[1.2,1.5]": {
                "abseta:[0.0,0.9]": {
                    "stat": 0.0,
                    "syst": 0.0,
                    "value": 1.0
                },
                "abseta:[0.9,1.2]": {
                    "stat": 0.0,
                    "syst": 0.0,
                    "value": 1.0
                },
                "abseta:[1.2,2.1]": {
                    "stat": 0.24252442952670342,
                    "syst": 0.0,
                    "value": 1.6571501095516332
                },
                "abseta:[2.1,2.4]": {
                    "stat": 0.364814475501424,
                    "syst": 0.0,
                    "value": 1.5520858967839917
                }
            },
            "pt:[1.5,2.0]": {
                "abseta:[0.0,0.9]": {
                    "stat": 0.0,
                    "syst": 0.0,
                    "value": 1.0
                },
                "abseta:[0.9,1.2]": {
                    "stat": 0.0,
                    "syst": 0.0,
                    "value": 1.0
                },
                "abseta:[1.2,2.1]": {
                    "stat": 0.11172346195632087,
                    "syst": 0.0,
                    "value": 0.7355061318942347
                },
                "abseta:[2.1,2.4]": {
                    "stat": 0.11143469325065301,
                    "syst": 0.0,
                    "value": 0.6862260595584302
                }
            },
            "pt:[10.0,15.0]": {
                "abseta:[0.0,0.9]": {
                    "stat": 0.021649779970757024,
                    "syst": 0.0,
                    "value": 0.9953344439324258
                },
                "abseta:[0.9,1.2]": {
                    "stat": 0.041758473366457716,
                    "syst": 0.0,
                    "value": 0.9643670581764265
                },
                "abseta:[1.2,2.1]": {
                    "stat": 0.02512611369406675,
                    "syst": 0.0,
                    "value": 0.9566290006234339
                },
                "abseta:[2.1,2.4]": {
                    "stat": 0.08090567153846785,
                    "syst": 0.0,
                    "value": 0.784555088237707
                }
            },
            "pt:[15.0,20.0]": {
                "abseta:[0.0,0.9]": {
                    "stat": 0.03227132754551057,
                    "syst": 0.0,
                    "value": 0.9816804718424184
                },
                "abseta:[0.9,1.2]": {
                    "stat": 0.061688270400091415,
                    "syst": 0.0,
                    "value": 0.9759592602114089
                },
                "abseta:[1.2,2.1]": {
                    "stat": 0.04314477443604909,
                    "syst": 0.0,
                    "value": 0.9382726667357405
                },
                "abseta:[2.1,2.4]": {
                    "stat": 0.16697664544533292,
                    "syst": 0.0,
                    "value": 1.0395600596133743
                }
            },
            "pt:[2.0,2.5]": {
                "abseta:[0.0,0.9]": {
                    "stat": 0.0,
                    "syst": 0.0,
                    "value": 1.0
                },
                "abseta:[0.9,1.2]": {
                    "stat": 0.0,
                    "syst": 0.0,
                    "value": 1.0
                },
                "abseta:[1.2,2.1]": {
                    "stat": 0.058768499809877035,
                    "syst": 0.0,
                    "value": 0.9574604599977843
                },
                "abseta:[2.1,2.4]": {
                    "stat": 0.11351194336164365,
                    "syst": 0.0,
                    "value": 1.0840665793093385
                }
            },
            "pt:[2.5,2.75]": {
                "abseta:[0.0,0.9]": {
                    "stat": 0.0,
                    "syst": 0.0,
                    "value": 1.0
                },
                "abseta:[0.9,1.2]": {
                    "stat": 0.0,
                    "syst": 0.0,
                    "value": 1.0
                },
                "abseta:[1.2,2.1]": {
                    "stat": 0.06742623341473165,
                    "syst": 0.0,
                    "value": 0.9581485621770196
                },
                "abseta:[2.1,2.4]": {
                    "stat": 0.13417320517160114,
                    "syst": 0.0,
                    "value": 0.8471812327710129
                }
            },
            "pt:[2.75,3.0]": {
                "abseta:[0.0,0.9]": {
                    "stat": 0.0,
                    "syst": 0.0,
                    "value": 1.0
                },
                "abseta:[0.9,1.2]": {
                    "stat": 0.0,
                    "syst": 0.0,
                    "value": 1.0
                },
                "abseta:[1.2,2.1]": {
                    "stat": 0.055292026886902906,
                    "syst": 0.0,
                    "value": 0.9359091223359423
                },
                "abseta:[2.1,2.4]": {
                    "stat": 0.18609807546427537,
                    "syst": 0.0,
                    "value": 1.0841657499047115
                }
            },
            "pt:[20.0,30.0]": {
                "abseta:[0.0,0.9]": {
                    "stat": 0.026182306204165177,
                    "syst": 0.0,
                    "value": 0.9845938102738707
                },
                "abseta:[0.9,1.2]": {
                    "stat": 0.06516374950059256,
                    "syst": 0.0,
                    "value": 0.9965879008396104
                },
                "abseta:[1.2,2.1]": {
                    "stat": 0.047253034996067526,
                    "syst": 0.0,
                    "value": 0.8698895557364728
                },
                "abseta:[2.1,2.4]": {
                    "stat": 0.13849574384123822,
                    "syst": 0.0,
                    "value": 0.8686819581417834
                }
            },
            "pt:[3.0,3.25]": {
                "abseta:[0.0,0.9]": {
                    "stat": 0.0,
                    "syst": 0.0,
                    "value": 1.0
                },
                "abseta:[0.9,1.2]": {
                    "stat": 0.0,
                    "syst": 0.0,
                    "value": 1.0
                },
                "abseta:[1.2,2.1]": {
                    "stat": 0.03518958289589291,
                    "syst": 0.0,
                    "value": 0.9577470726122828
                },
                "abseta:[2.1,2.4]": {
                    "stat": 0.09462785524773151,
                    "syst": 0.0,
                    "value": 0.5710974789525662
                }
            },
            "pt:[3.25,3.5]": {
                "abseta:[0.0,0.9]": {
                    "stat": 0.0,
                    "syst": 0.0,