{
    "NUM_Tau3MuGlobal_DEN_genTracks": {
        "pt": {
            "binning": [
                {
                    "binning": [
                        1.2,
                        1.5,
                        2.0,
                        2.5,
                        2.75,
                        3.0,
                        3.25,
                        3.5,
                        3.75,
                        4.0,
                        4.5,
                        5.0,
                        6.0,
                        8.0,
                        10.0,
                        15.0,
                        20.0,
                        30.0,
                        40.0
                    ],
                    "variable": "pt"
                }
            ],
            "pt:[1.2,1.5]": {
                "stat": 0.13009475651593216,
                "syst": 0.0,
                "value": 1.0211045570041128
            },
            "pt:[1.5,2.0]": {
                "stat": 0.08606007281511606,
                "syst": 0.0,
                "value": 0.7295581484627891
            },
            "pt:[10.0,15.0]": {
                "stat": 0.015887616082501194,
                "syst": 0.0,
                "value": 0.975602250668088
            },
            "pt:[15.0,20.0]": {
                "stat": 0.023839677417928768,
                "syst": 0.0,
                "value": 0.972376448911328
            },
            "pt:[2.0,2.5]": {
                "stat": 0.05237418631234044,
                "syst": 0.0,
                "value": 0.9708869750395795
            },
            "pt:[2.5,2.75]": {
                "stat": 0.03980017538229796,
                "syst": 0.0,
                "value": 0.9673357661298957
            },
            "pt:[2.75,3.0]": {
                "stat": 0.03720809704718762,
                "syst": 0.0,
                "value": 0.9558081075809834
            },
            "pt:[20.0,30.0]": {
                "stat": 0.025984088181315822,
                "syst": 0.0,
                "value": 0.9574528857778856
            },
            "pt:[3.0,3.25]": {
                "stat": 0.05258041554478947,
                "syst": 0.0,
                "value": 0.9125711497950257
            },
            "pt:[3.25,3.5]": {
                "stat": 0.05656117341661827,
                "syst": 0.0,
                "value": 0.997158321757462
            },
            "pt:[3.5,3.75]": {
                "stat": 0.037957378461767846,
                "syst": 0.0,
                "value": 0.9713235327875732
            },
            "pt:[3.75,4.0]": {
                "stat": 0.026157535107907588,
                "syst": 0.0,
                "value": 0.9562468324320842
            },
            "pt:[30.0,40.0]": {
                "stat": 0.035680935858525394,
                "syst": 0.0,
                "value": 0.972817641081973
            },
            "pt:[4.0,4.5]": {
                "stat": 0.025816721343556333,
                "syst": 0.0,
                "value": 0.9683225793968958
            },
            "pt:[4.5,5.0]": {
                "stat": 0.026094323583815335,
                "syst": 0.0,
                "value": 0.963632993539049
            },
            "pt:[5.0,6.0]": {
                "stat": 0.019519394737954488,
                "syst": 0.0,
                "value": 0.9806086842352593
            },
            "pt:[6.0,8.0]": {
                "stat": 0.009014755652283477,
                "syst": 0.0,
                "value": 0.983701078767607
            },
            "pt:[8.0,10.0]": {
                "stat": 0.01733816896112222,
                "syst": 0.0,
                "value": 0.9813961373888119
            }
        }
    }
}