{
    "NUM_Tau3MuGlobal_DEN_genTracks": {
        "pair_dR": {
            "binning": [
                {
                    "binning": [
                        0.0,
                        0.1,
                        0.15,
                        0.2,
                        0.25,
                        0.35,
                        0.4,
                        0.8
                    ],
                    "variable": "pair_dR"
                }
            ],
            "pair_dR:[0.0,0.1]": {
                "stat": 0.026641452870558156,
                "syst": 0.0,
                "value": 1.0177330106580944
            },
            "pair_dR:[0.1,0.15]": {
                "stat": 0.011339452996651223,
                "syst": 0.0,
                "value": 0.9696422983910294
            },
            "pair_dR:[0.15,0.2]": {
                "stat": 0.011198676289725993,
                "syst": 0.0,
                "value": 0.9875612066172411
            },
            "pair_dR:[0.2,0.25]": {
                "stat": 0.013367980254002595,
                "syst": 0.0,
                "value": 0.9745858901940936
            },
            "pair_dR:[0.25,0.35]": {
                "stat": 0.012095377080448317,
                "syst": 0.0,
                "value": 0.960918626696899
            },
            "pair_dR:[0.35,0.4]": {
                "stat": 0.036388943694024185,
                "syst": 0.0,
                "value": 0.9499858720755241
            },
            "pair_dR:[0.4,0.8]": {
                "stat": 0.04732289907794625,
                "syst": 0.0,
                "value": 0.8398195940847586
            }
        }
    }
}