{
    "NUM_Tau3MuTracker_DEN_genTracks": {
        "abseta": {
            "abseta:[0.0,0.9]": {
                "stat": 0.015788503476440015,
                "syst": 0.0,
                "value": 1.1865128124356186
            },
            "abseta:[0.9,1.2]": {
                "stat": 0.03247262716832815,
                "syst": 0.0,
                "value": 1.3984412450649608
            },
            "abseta:[1.2,2.1]": {
                "stat": 0.004670997596077202,
                "syst": 0.0,
                "value": 0.7678936608430538
            },
            "abseta:[2.1,2.4]": {
                "stat": 0.04181996475728658,
                "syst": 0.0,
                "value": 1.289860166544358
            },
            "binning": [
                {
                    "binning": [
                        0.0,
                        0.9,
                        1.2,
                        2.1,
                        2.4
                    ],
                    "variable": "abseta"
                }
            ]
        }
    }
}