{
    "NUM_Tau3MuTracker_DEN_genTracks": {
        "pt": {
            "binning": [
                {
                    "binning": [
                        1.2,
                        1.5,
                        2.0,
                        2.5,
                        2.75,
                        3.0,
                        3.25,
                        3.5,
                        3.75,
                        4.0,
                        4.5,
                        5.0,
                        6.0,
                        8.0,
                        10.0,
                        15.0,
                        20.0,
                        30.0,
                        40.0
                    ],
                    "variable": "pt"
                }
            ],
            "pt:[1.2,1.5]": {
                "stat": 0.025975931423608337,
                "syst": 0.0,
                "value": 0.9888698561965196
            },
            "pt:[1.5,2.0]": {
                "stat": 0.021956234103377423,
                "syst": 0.0,
                "value": 1.0152655658217546
            },
            "pt:[10.0,15.0]": {
                "stat": 0.03705419729140221,
                "syst": 0.0,
                "value": 1.7913272805011224
            },
            "pt:[15.0,20.0]": {
                "stat": 0.04568042271414301,
                "syst": 0.0,
                "value": 1.748347073033166
            },
            "pt:[2.0,2.5]": {
                "stat": 0.0,
                "syst": 0.0,
                "value": 1.0
            },
            "pt:[2.5,2.75]": {
                "stat": 0.05292888714381992,
                "syst": 0.0,
                "value": 1.1469745053087204
            },
            "pt:[2.75,3.0]": {
                "stat": 0.06237214261593093,
                "syst": 0.0,
                "value": 1.152426017124987
            },
            "pt:[20.0,30.0]": {
                "stat": 0.04579619289457625,
                "syst": 0.0,
                "value": 1.5371992064548292
            },
            "pt:[3.0,3.25]": {
                "stat": 0.059330433912419205,
                "syst": 0.0,
                "value": 1.2358899211123
            },
            "pt:[3.25,3.5]": {
                "stat": 0.09585808127989683,
                "syst": 0.0,
                "value": 1.027873849412758
            },
            "pt:[3.5,3.75]": {
                "stat": 0.031099177409916717,
                "syst": 0.0,
                "value": 0.9479455724927209
            },
            "pt:[3.75,4.0]": {
                "stat": 0.04207157378996225,
                "syst": 0.0,
                "value": 1.054422967757183
            },
            "pt:[30.0,40.0]": {
                "stat": 0.06392585615693674,
                "syst": 0.0,
                "value": 1.301429672013605
            },
            "pt:[4.0,4.5]": {
                "stat": 0.0408081674582714,
                "syst": 0.0,
                "value": 1.2153147093548269
            },
            "pt:[4.5,5.0]": {
                "stat": 0.058638026943132006,
                "syst": 0.0,
                "value": 1.26196648569295
            },
            "pt:[5.0,6.0]": {
                "stat": 0.05543291747458882,
                "syst": 0.0,
                "value": 1.4572283344650216
            },
            "pt:[6.0,8.0]": {
                "stat": 0.023807381110051554,
                "syst": 0.0,
                "value": 1.609898039267982
            },
            "pt:[8.0,10.0]": {
                "stat": 0.05130997535293191,
                "syst": 0.0,
                "value": 1.7742437889945502
            }
        }
    }
}