{
    "NUM_Tau3MuTracker_DEN_genTracks": {
        "pt_abseta": {
            "binning": [
                {
                    "binning": [
                        1.2,
                        1.5,
                        2.0,
                        2.5,
                        2.75,
                        3.0,
                        3.25,
                        3.5,
                        3.75,
                        4.0,
                        4.5,
                        5.0,
                        6.0,
                        8.0,
                        10.0,
                        15.0,
                        20.0,
                        30.0,
                        40.0
                    ],
                    "variable": "pt"
                },
                {
                    "binning": [
                        0.0,
                        0.9,
                        1.2,
                        2.1,
                        2.4
                    ],
                    "variable": "abseta"
                }
            ],
            "pt:[1.2,1.5]": {
                "abseta:[0.0,0.9]": {
                    "stat": 0.0,
                    "syst": 0.0,
                    "value": 1.0
                },
                "abseta:[0.9,1.2]": {
                    "stat": 0.0,
                    "syst": 0.0,
                    "value": 1.0
                },
                "abseta:[1.2,2.1]": {
                    "stat": 0.03352089958793442,
                    "syst": 0.0,
                    "value": 0.9817431149933546
                },
                "abseta:[2.1,2.4]": {
                    "stat": 0.09307549045549506,
                    "syst": 0.0,
                    "value": 0.8853738058389996
                }
            },
            "pt:[1.5,2.0]": {
                "abseta:[0.0,0.9]": {
                    "stat": 0.0,
                    "syst": 0.0,
                    "value": 1.0
                },
                "abseta:[0.9,1.2]": {
                    "stat": 0.0,
                    "syst": 0.0,
                    "value": 1.0
                },
                "abseta:[1.2,2.1]": {
                    "stat": 0.013168851751805877,
                    "syst": 0.0,
                    "value": 0.9898870597871927
                },
                "abseta:[2.1,2.4]": {
                    "stat": 0.06975606270399953,
                    "syst": 0.0,
                    "value": 1.6285393880576333
                }
            },
            "pt:[10.0,15.0]": {
                "abseta:[0.0,0.9]": {
                    "stat": 0.05805929854269938,
                    "syst": 0.0,
                    "value": 1.66296269671229
                },
                "abseta:[0.9,1.2]": {
                    "stat": 0.08574449467282633,
                    "syst": 0.0,
                    "value": 1.5828747886228185
                },
                "abseta:[1.2,2.1]": {
                    "stat": 0.05430965650134537,
                    "syst": 0.0,
                    "value": 2.087372890471958
                },
                "abseta:[2.1,2.4]": {
                    "stat": 0.27804823267081413,
                    "syst": 0.0,
                    "value": 3.7175233912334322
                }
            },
            "pt:[15.0,20.0]": {
                "abseta:[0.0,0.9]": {
                    "stat": 0.05702797006390897,
                    "syst": 0.0,
                    "value": 1.6546042681346178
                },
                "abseta:[0.9,1.2]": {
                    "stat": 0.10299869244204962,
                    "syst": 0.0,
                    "value": 1.4970223960630644
                },
                "abseta:[1.2,2.1]": {
                    "stat": 0.0879098880551727,
                    "syst": 0.0,
                    "value": 2.017067483281978
                },
                "abseta:[2.1,2.4]": {
                    "stat": 0.3747660631665501,
                    "syst": 0.0,
                    "value": 3.372044739208746
                }
            },
            "pt:[2.0,2.5]": {
                "abseta:[0.0,0.9]": {
                    "stat": 0.0,
                    "syst": 0.0,
                    "value": 1.0
                },
                "abseta:[0.9,1.2]": {
                    "stat": 0.0,
                    "syst": 0.0,
                    "value": 1.0
                },
                "abseta:[1.2,2.1]": {
                    "stat": 0.02553224005042787,
                    "syst": 0.0,
                    "value": 1.0101336072141116
                },
                "abseta:[2.1,2.4]": {
                    "stat": 0.15620843347959398,
                    "syst": 0.0,
                    "value": 1.922952700705374
                }
            },
            "pt:[2.5,2.75]": {
                "abseta:[0.0,0.9]": {
                    "stat": 0.0,
                    "syst": 0.0,
                    "value": 1.0
                },
                "abseta:[0.9,1.2]": {
                    "stat": 0.0,
                    "syst": 0.0,
                    "value": 1.0
                },
                "abseta:[1.2,2.1]": {
                    "stat": 0.05103014364131479,
                    "syst": 0.0,
                    "value": 1.0726478546817952
                },
                "abseta:[2.1,2.4]": {
                    "stat": 0.3145942845037329,
                    "syst": 0.0,
                    "value": 2.0827872689417717
                }
            },
            "pt:[2.75,3.0]": {
                "abseta:[0.0,0.9]": {
                    "stat": 0.0,
                    "syst": 0.0,
                    "value": 1.0
                },
                "abseta:[0.9,1.2]": {
                    "stat": 0.0,
                    "syst": 0.0,
                    "value": 1.0
                },
                "abseta:[1.2,2.1]": {
                    "stat": 0.061482360579369275,
                    "syst": 0.0,
                    "value": 1.111079495459779
                },
                "abseta:[2.1,2.4]": {
                    "stat": 0.3173400305567861,
                    "syst": 0.0,
                    "value": 1.525392102807546
                }
            },
            "pt:[20.0,30.0]": {
                "abseta:[0.0,0.9]": {
                    "stat": 0.07168758222395777,
                    "syst": 0.0,
                    "value": 1.540637622316278
                },
                "abseta:[0.9,1.2]": {
                    "stat": 0.1080070741469394,
                    "syst": 0.0,
                    "value": 1.4750720210402266
                },
                "abseta:[1.2,2.1]": {
                    "stat": 0.07982581907906419,
                    "syst": 0.0,
                    "value": 1.7097267597975927
                },
                "abseta:[2.1,2.4]": {
                    "stat": 0.3114432760149084,
                    "syst": 0.0,
                    "value": 2.4935150626312934
                }
            },
            "pt:[3.0,3.25]": {
                "abseta:[0.0,0.9]": {
                    "stat": 0.0,
                    "syst": 0.0,
                    "value": 1.0
                },
                "abseta:[0.9,1.2]": {
                    "stat": 0.0,
                    "syst": 0.0,
                    "value": 1.0
                },
                "abseta:[1.2,2.1]": {
                    "stat": 0.08135016354718813,
                    "syst": 0.0,
                    "value": 1.1627445148712743
                },
                "abseta:[2.1,2.4]": {
                    "stat": 0.42902508906316567,
                    "syst": 0.0,
                    "value": 2.2618295995213047
                }
            },
            "pt:[3.25,3.5]": {
                "abseta:[0.0,0.9]": {
                    "stat": 0.0,
                    "syst": 0.0,