{
    "NUM_Tau3MuTracker_DEN_genTracks": {
        "pair_dR": {
            "binning": [
                {
                    "binning": [
                        0.0,
                        0.1,
                        0.15,
                        0.2,
                        0.25,
                        0.35,
                        0.4,
                        0.8
                    ],
                    "variable": "pair_dR"
                }
            ],
            "pair_dR:[0.0,0.1]": {
                "stat": 0.026240834299994634,
                "syst": 0.0,
                "value": 0.738054968637776
            },
            "pair_dR:[0.1,0.15]": {
                "stat": 0.02258544245787556,
                "syst": 0.0,
                "value": 0.9878788358799908
            },
            "pair_dR:[0.15,0.2]": {
                "stat": 0.018993722189415255,
                "syst": 0.0,
                "value": 1.0055857545227744
            },
            "pair_dR:[0.2,0.25]": {
                "stat": 0.02321098170950026,
                "syst": 0.0,
                "value": 0.9850131617829017
            },
            "pair_dR:[0.25,0.35]": {
                "stat": 0.03679848263178933,
                "syst": 0.0,
                "value": 2.1242521810739863
            },
            "pair_dR:[0.35,0.4]": {
                "stat": 0.10042656775604361,
                "syst": 0.0,
                "value": 6.358733964147489
            },
            "pair_dR:[0.4,0.8]": {
                "stat": 0.05351371422908181,
                "syst": 0.0,
                "value": 3.362110598390537
            }
        }
    }
}