{
    "NUM_MediumMuons_DEN_TrackerMuons": {
        "pt_abseta": {
            "binning": [
                {
                    "binning": [
                        1.2,
                        1.5,
                        2.0,
                        2.5,
                        2.75,
                        3.0,
                        3.25,
                        3.5,
                        3.75,
                        4.0,
                        4.5,
                        5.0,
                        6.0,
                        8.0,
                        10.0,
                        15.0,
                        20.0,
                        30.0,
                        40.0
                    ],
                    "variable": "pt"
                },
                {
                    "binning": [
                        0.0,
                        0.9,
                        1.2,
                        2.1,
                        2.4
                    ],
                    "variable": "abseta"
                }
            ],
            "pt:[1.2,1.5]": {
                "abseta:[0.0,0.9]": {
                    "stat": 0.0,
                    "syst": 0.0,
                    "value": 0.5
                },
                "abseta:[0.9,1.2]": {
                    "stat": 0.0,
                    "syst": 0.0,
                    "value": 0.5
                },
                "abseta:[1.2,2.1]": {
                    "stat": 0.010193419418628719,
                    "syst": 0.0,
                    "value": 0.9246884971428161
                },
                "abseta:[2.1,2.4]": {
                    "stat": 0.03129670018424339,
                    "syst": 0.0,
                    "value": 0.7801609057053113
                }
            },
            "pt:[1.5,2.0]": {
                "abseta:[0.0,0.9]": {
                    "stat": 0.0,
                    "syst": 0.0,
                    "value": 0.5
                },
                "abseta:[0.9,1.2]": {
                    "stat": 0.0,
                    "syst": 0.0,
                    "value": 0.5
                },
                "abseta:[1.2,2.1]": {
                    "stat": 0.007169625323205202,
                    "syst": 0.0,
                    "value": 0.9814539139676468
                },
                "abseta:[2.1,2.4]": {
                    "stat": 0.029759914328299015,
                    "syst": 0.0,
                    "value": 0.9783941486493011
                }
            },
            "pt:[10.0,15.0]": {
                "abseta:[0.0,0.9]": {
                    "stat": 0.0012758006683781713,
                    "syst": 0.0,
                    "value": 0.9832098409479272
                },
                "abseta:[0.9,1.2]": {
                    "stat": 0.0027716943002884607,
                    "syst": 0.0,
                    "value": 0.981397315144308
                },
                "abseta:[1.2,2.1]": {
                    "stat": 0.0022665972595925675,
                    "syst": 0.0,
                    "value": 0.9758350158885085
                },
                "abseta:[2.1,2.4]": {
                    "stat": 0.010073681276137681,
                    "syst": 0.0,
                    "value": 0.9058087137528009
                }
            },
            "pt:[15.0,20.0]": {
                "abseta:[0.0,0.9]": {
                    "stat": 0.0017541915948490773,
                    "syst": 0.0,
                    "value": 0.9785161810581489
                },
                "abseta:[0.9,1.2]": {
                    "stat": 0.00350460645767508,
                    "syst": 0.0,
                    "value": 0.9825891043993217
                },
                "abseta:[1.2,2.1]": {
                    "stat": 0.0032610487162246177,
                    "syst": 0.0,
                    "value": 0.9706141908130212
                },
                "abseta:[2.1,2.4]": {
                    "stat": 0.0115144750428133,
                    "syst": 0.0,
                    "value": 0.8731882565070508
                }
            },
            "pt:[2.0,2.5]": {
                "abseta:[0.0,0.9]": {
                    "stat": 0.0,
                    "syst": 0.0,
                    "value": 0.5
                },
                "abseta:[0.9,1.2]": {
                    "stat": 0.0,
                    "syst": 0.0,
                    "value": 0.5
                },
                "abseta:[1.2,2.1]": {
                    "stat": 0.006468606370324826,
                    "syst": 0.0,
                    "value": 0.9766063737359785
                },
                "abseta:[2.1,2.4]": {
                    "stat": 0.015727519273503774,
                    "syst": 0.0,
                    "value": 0.9191010710431025
                }
            },
            "pt:[2.5,2.75]": {
                "abseta:[0.0,0.9]": {
                    "stat": 0.0,
                    "syst": 0.0,
                    "value": 0.5
                },
                "abseta:[0.9,1.2]": {
                    "stat": 0.0,
                    "syst": 0.0,
                    "value": 0.5
                },
                "abseta:[1.2,2.1]": {
                    "stat": 0.007224319843731477,
                    "syst": 0.0,
                    "value": 0.9734585369227994
                },
                "abseta:[2.1,2.4]": {
                    "stat": 0.021962974734865175,
                    "syst": 0.0,
                    "value": 0.957433977458676
                }
            },
            "pt:[2.75,3.0]": {
                "abseta:[0.0,0.9]": {
                    "stat": 0.0,
                    "syst": 0.0,
                    "value": 0.5
                },
                "abseta:[0.9,1.2]": {
                    "stat": 0.0,
                    "syst": 0.0,
                    "value": 0.5
                },
                "abseta:[1.2,2.1]": {
                    "stat": 0.004853021112279974,
                    "syst": 0.0,
                    "value": 0.9929387492645431
                },
                "abseta:[2.1,2.4]": {
                    "stat": 0.019594696897380033,
                    "syst": 0.0,
                    "value": 0.9694305234076337
                }
            },
            "pt:[20.0,30.0]": {
                "abseta:[0.0,0.9]": {
                    "stat": 0.0014555424372516544,
                    "syst": 0.0,
                    "value": 0.9719110280449048
                },
                "abseta:[0.9,1.2]": {
                    "stat": 0.004622891449438346,
                    "syst": 0.0,
                    "value": 0.9767801266622472
                },
                "abseta:[1.2,2.1]": {
                    "stat": 0.0041495186765640535,
                    "syst": 0.0,
                    "value": 0.9483837994913401
                },
                "abseta:[2.1,2.4]": {
                    "stat": 0.01970066802477805,
                    "syst": 0.0,
                    "value": 0.882312287935128
                }
            },
            "pt:[3.0,3.25]": {
                "abseta:[0.0,0.9]": {
                    "stat": 0.0,
                    "syst": 0.0,
                    "value": 0.5
                },
                "abseta:[0.9,1.2]": {
                    "stat": 0.0,
                    "syst": 0.0,
                    "value": 0.5
                },
                "abseta:[1.2,2.1]": {
                    "stat": 0.005356736110738252,
                    "syst": 0.0,
                    "value": 0.9625356798910593
                },
                "abseta:[2.1,2.4]": {
                    "stat": 0.03226128943599624,
                    "syst": 0.0,
                    "value": 0.7986217525055248
                }
            },
            "pt:[3.25,3.5]": {
                "abseta:[0.0,0.9]": {
                    "stat": 0.0,
                    "syst": 0.0,