{
    "NUM_MediumMuons_DEN_TrackerMuons": {
        "abseta": {
            "abseta:[0.0,0.9]": {
                "stat": 0.0007943942043474381,
                "syst": 0.0,
                "value": 0.9972958889221816
            },
            "abseta:[0.9,1.2]": {
                "stat": 0.0017555829809823465,
                "syst": 0.0,
                "value": 0.9972793497469588
            },
            "abseta:[1.2,2.1]": {
                "stat": 0.0011427773951325495,
                "syst": 0.0,
                "value": 0.9918984509248118
            },
            "abseta:[2.1,2.4]": {
                "stat": 0.0048603418097008695,
                "syst": 0.0,
                "value": 0.9338945530860405
            },
            "binning": [
                {
                    "binning": [
                        0.0,
                        0.9,
                        1.2,
                        2.1,
                        2.4
                    ],
                    "variable": "abseta"
                }
            ]
        }
    }
}