{
    "NUM_MediumMuons_DEN_TrackerMuons": {
        "pt": {
            "binning": [
                {
                    "binning": [
                        1.2,
                        1.5,
                        2.0,
                        2.5,
                        2.75,
                        3.0,
                        3.25,
                        3.5,
                        3.75,
                        4.0,
                        4.5,
                        5.0,
                        6.0,
                        8.0,
                        10.0,
                        15.0,
                        20.0,
                        30.0,
                        40.0
                    ],
                    "variable": "pt"
                }
            ],
            "pt:[1.2,1.5]": {
                "stat": 0.009963191169341594,
                "syst": 0.0,
                "value": 0.9175402236887269
            },
            "pt:[1.5,2.0]": {
                "stat": 0.007466118878409659,
                "syst": 0.0,
                "value": 0.9872700911663262
            },
            "pt:[10.0,15.0]": {
                "stat": 0.001117830130484052,
                "syst": 0.0,
                "value": 0.9801790434412386
            },
            "pt:[15.0,20.0]": {
                "stat": 0.0015373620136178749,
                "syst": 0.0,
                "value": 0.9757600404150858
            },
            "pt:[2.0,2.5]": {
                "stat": 0.006083516543238454,
                "syst": 0.0,
                "value": 0.9776215866414152
            },
            "pt:[2.5,2.75]": {
                "stat": 0.0073697658792308595,
                "syst": 0.0,
                "value": 0.9705039882900999
            },
            "pt:[2.75,3.0]": {
                "stat": 0.005502892066683583,
                "syst": 0.0,
                "value": 0.9903938342508974
            },
            "pt:[20.0,30.0]": {
                "stat": 0.0019313424174334998,
                "syst": 0.0,
                "value": 0.964679724159327
            },
            "pt:[3.0,3.25]": {
                "stat": 0.008660501531709053,
                "syst": 0.0,
                "value": 0.9501579239322592
            },
            "pt:[3.25,3.5]": {
                "stat": 0.00830773606085008,
                "syst": 0.0,
                "value": 0.9625650405319895
            },
            "pt:[3.5,3.75]": {
                "stat": 0.005370550947839936,
                "syst": 0.0,
                "value": 0.9854327127234351
            },
            "pt:[3.75,4.0]": {
                "stat": 0.004829212065787861,
                "syst": 0.0,
                "value": 0.9781443512530551
            },
            "pt:[30.0,40.0]": {
                "stat": 0.0033625776386217087,
                "syst": 0.0,
                "value": 0.9576438547055757
            },
            "pt:[4.0,4.5]": {
                "stat": 0.003280964724945567,
                "syst": 0.0,
                "value": 0.9665508337474297
            },
            "pt:[4.5,5.0]": {
                "stat": 0.0018675086275532333,
                "syst": 0.0,
                "value": 0.9796151687806834
            },
            "pt:[5.0,6.0]": {
                "stat": 0.0018959364359385886,
                "syst": 0.0,
                "value": 0.9748634164578275
            },
            "pt:[6.0,8.0]": {
                "stat": 0.0008799328053326262,
                "syst": 0.0,
                "value": 0.9776201879137463
            },
            "pt:[8.0,10.0]": {
                "stat": 0.0004515705324188987,
                "syst": 0.0,
                "value": 0.9813426099937907
            }
        }
    }
}