{
    "NUM_Tau3MuTracker_DEN_genTracks": {
        "pt": {
            "binning": [
                {
                    "binning": [
                        1.2,
                        1.5,
                        2.0,
                        2.5,
                        2.75,
                        3.0,
                        3.25,
                        3.5,
                        3.75,
                        4.0,
                        4.5,
                        5.0,
                        6.0,
                        8.0,
                        10.0,
                        15.0,
                        20.0,
                        30.0,
                        40.0
                    ],
                    "variable": "pt"
                }
            ],
            "pt:[1.2,1.5]": {
                "stat": 0.037836401358750923,
                "syst": 0.0,
                "value": 0.977540397157836
            },
            "pt:[1.5,2.0]": {
                "stat": 0.027230327607606714,
                "syst": 0.0,
                "value": 1.020450507272101
            },
            "pt:[10.0,15.0]": {
                "stat": 0.03329248420285589,
                "syst": 0.0,
                "value": 1.1050791529531128
            },
            "pt:[15.0,20.0]": {
                "stat": 0.040250901021704394,
                "syst": 0.0,
                "value": 1.1280113838105483
            },
            "pt:[2.0,2.5]": {
                "stat": 0.03502214206615392,
                "syst": 0.0,
                "value": 1.0687212659348324
            },
            "pt:[2.5,2.75]": {
                "stat": 0.06899042628906539,
                "syst": 0.0,
                "value": 1.1414015765084409
            },
            "pt:[2.75,3.0]": {
                "stat": 0.08074960421610419,
                "syst": 0.0,
                "value": 1.087656839328896
            },
            "pt:[20.0,30.0]": {
                "stat": 0.03945038253932821,
                "syst": 0.0,
                "value": 1.020542413443079
            },
            "pt:[3.0,3.25]": {
                "stat": 0.11090515292774969,
                "syst": 0.0,
                "value": 1.2445727962917863
            },
            "pt:[3.25,3.5]": {
                "stat": 0.14758071953798643,
                "syst": 0.0,
                "value": 1.2220399313375432
            },
            "pt:[3.5,3.75]": {
                "stat": 0.04032945141600636,
                "syst": 0.0,
                "value": 0.9067425060288754
            },
            "pt:[3.75,4.0]": {
                "stat": 0.05527326232732538,
                "syst": 0.0,
                "value": 1.0069052411914046
            },
            "pt:[30.0,40.0]": {
                "stat": 0.049665722561802,
                "syst": 0.0,
                "value": 0.8345712662443274
            },
            "pt:[4.0,4.5]": {
                "stat": 0.054286173370077566,
                "syst": 0.0,
                "value": 1.1330705469235196
            },
            "pt:[4.5,5.0]": {
                "stat": 0.06954938538393637,
                "syst": 0.0,
                "value": 1.0834193164897112
            },
            "pt:[5.0,6.0]": {
                "stat": 0.0563954310195534,
                "syst": 0.0,
                "value": 1.29174567437872
            },
            "pt:[6.0,8.0]": {
                "stat": 0.049884486095483634,
                "syst": 0.0,
                "value": 1.1966422971183197
            },
            "pt:[8.0,10.0]": {
                "stat": 0.04858462653213947,
                "syst": 0.0,
                "value": 1.1425103617782935
            }
        }
    }
}