{
    "NUM_Tau3MuTracker_DEN_genTracks": {
        "pair_dR": {
            "binning": [
                {
                    "binning": [
                        0.0,
                        0.1,
                        0.15,
                        0.2,
                        0.25,
                        0.35,
                        0.4,
                        0.8
                    ],
                    "variable": "pair_dR"
                }
            ],
            "pair_dR:[0.0,0.1]": {
                "stat": 0.029476628620678468,
                "syst": 0.0,
                "value": 0.7893299140627451
            },
            "pair_dR:[0.1,0.15]": {
                "stat": 0.028171011968296435,
                "syst": 0.0,
                "value": 1.0142403992717903
            },
            "pair_dR:[0.15,0.2]": {
                "stat": 0.02569863024304635,
                "syst": 0.0,
                "value": 1.0769100931501514
            },
            "pair_dR:[0.2,0.25]": {
                "stat": 0.0364924639527662,
                "syst": 0.0,
                "value": 1.1756955776684106
            },
            "pair_dR:[0.25,0.35]": {
                "stat": 0.02486110640263536,
                "syst": 0.0,
                "value": 1.0915081033137293
            },
            "pair_dR:[0.35,0.4]": {
                "stat": 0.04199584202472473,
                "syst": 0.0,
                "value": 1.1444830101729933
            },
            "pair_dR:[0.4,0.8]": {
                "stat": 0.020268093746591522,
                "syst": 0.0,
                "value": 1.0360563525030557
            }
        }
    }
}