{
    "NUM_Tau3MuTracker_DEN_genTracks": {
        "pt_abseta": {
            "binning": [
                {
                    "binning": [
                        1.2,
                        1.5,
                        2.0,
                        2.5,
                        2.75,
                        3.0,
                        3.25,
                        3.5,
                        3.75,
                        4.0,
                        4.5,
                        5.0,
                        6.0,
                        8.0,
                        10.0,
                        15.0,
                        20.0,
                        30.0,
                        40.0
                    ],
                    "variable": "pt"
                },
                {
                    "binning": [
                        0.0,
                        0.9,
                        1.2,
                        2.1,
                        2.4
                    ],
                    "variable": "abseta"
                }
            ],
            "pt:[1.2,1.5]": {
                "abseta:[0.0,0.9]": {
                    "stat": 0.0,
                    "syst": 0.0,
                    "value": 1.0
                },
                "abseta:[0.9,1.2]": {
                    "stat": 0.0,
                    "syst": 0.0,
                    "value": 1.0
                },
                "abseta:[1.2,2.1]": {
                    "stat": 0.030870328548299873,
                    "syst": 0.0,
                    "value": 0.9753820462739865
                },
                "abseta:[2.1,2.4]": {
                    "stat": 0.10428725034034453,
                    "syst": 0.0,
                    "value": 1.2638227394230603
                }
            },
            "pt:[1.5,2.0]": {
                "abseta:[0.0,0.9]": {
                    "stat": 0.0,
                    "syst": 0.0,
                    "value": 1.0
                },
                "abseta:[0.9,1.2]": {
                    "stat": 0.0,
                    "syst": 0.0,
                    "value": 1.0
                },
                "abseta:[1.2,2.1]": {
                    "stat": 0.026960058439081863,
                    "syst": 0.0,
                    "value": 1.0203974424782793
                },
                "abseta:[2.1,2.4]": {
                    "stat": 0.12051426901161705,
                    "syst": 0.0,
                    "value": 0.6166132263976528
                }
            },
            "pt:[10.0,15.0]": {
                "abseta:[0.0,0.9]": {
                    "stat": 0.05032664031400368,
                    "syst": 0.0,
                    "value": 1.0067509948414073
                },
                "abseta:[0.9,1.2]": {
                    "stat": 0.08256151905387978,
                    "syst": 0.0,
                    "value": 1.0832367957114888
                },
                "abseta:[1.2,2.1]": {
                    "stat": 0.053177745228587064,
                    "syst": 0.0,
                    "value": 1.2669212496288176
                },
                "abseta:[2.1,2.4]": {
                    "stat": 0.21449122800171738,
                    "syst": 0.0,
                    "value": 1.8970248975467745
                }
            },
            "pt:[15.0,20.0]": {
                "abseta:[0.0,0.9]": {
                    "stat": 0.07050386355518143,
                    "syst": 0.0,
                    "value": 1.1050576192475805
                },
                "abseta:[0.9,1.2]": {
                    "stat": 0.09119224686111128,
                    "syst": 0.0,
                    "value": 0.9856629903710619
                },
                "abseta:[1.2,2.1]": {
                    "stat": 0.07863547057341856,
                    "syst": 0.0,
                    "value": 1.2741869412955462
                },
                "abseta:[2.1,2.4]": {
                    "stat": 0.2574501935694488,
                    "syst": 0.0,
                    "value": 1.8353937964752431
                }
            },
            "pt:[2.0,2.5]": {
                "abseta:[0.0,0.9]": {
                    "stat": 0.0,
                    "syst": 0.0,
                    "value": 1.0
                },
                "abseta:[0.9,1.2]": {
                    "stat": 0.0,
                    "syst": 0.0,
                    "value": 1.0
                },
                "abseta:[1.2,2.1]": {
                    "stat": 0.035071263396214636,
                    "syst": 0.0,
                    "value": 1.0410828924099476
                },
                "abseta:[2.1,2.4]": {
                    "stat": 0.18667244134185174,
                    "syst": 0.0,
                    "value": 1.6030138363316353
                }
            },
            "pt:[2.5,2.75]": {
                "abseta:[0.0,0.9]": {
                    "stat": 0.0,
                    "syst": 0.0,
                    "value": 1.0
                },
                "abseta:[0.9,1.2]": {
                    "stat": 0.0,
                    "syst": 0.0,
                    "value": 1.0
                },
                "abseta:[1.2,2.1]": {
                    "stat": 0.0690629009455347,
                    "syst": 0.0,
                    "value": 1.095909049448406
                },
                "abseta:[2.1,2.4]": {
                    "stat": 0.3499650938682535,
                    "syst": 0.0,
                    "value": 1.6516670292246292
                }
            },
            "pt:[2.75,3.0]": {
                "abseta:[0.0,0.9]": {
                    "stat": 0.0,
                    "syst": 0.0,
                    "value": 1.0
                },
                "abseta:[0.9,1.2]": {
                    "stat": 0.0,
                    "syst": 0.0,
                    "value": 1.0
                },
                "abseta:[1.2,2.1]": {
                    "stat": 0.08316101085254746,
                    "syst": 0.0,
                    "value": 1.0770519890800572
                },
                "abseta:[2.1,2.4]": {
                    "stat": 0.29057966760562043,
                    "syst": 0.0,
                    "value": 1.0349956902434436
                }
            },
            "pt:[20.0,30.0]": {
                "abseta:[0.0,0.9]": {
                    "stat": 0.06615827960185662,
                    "syst": 0.0,
                    "value": 1.042809240272452
                },
                "abseta:[0.9,1.2]": {
                    "stat": 0.07938177252764184,
                    "syst": 0.0,
                    "value": 0.8426345729187863
                },
                "abseta:[1.2,2.1]": {
                    "stat": 0.07416056440429795,
                    "syst": 0.0,
                    "value": 1.134815814536698
                },
                "abseta:[2.1,2.4]": {
                    "stat": 0.12996954985811576,
                    "syst": 0.0,
                    "value": 0.9561809561471958
                }
            },
            "pt:[3.0,3.25]": {
                "abseta:[0.0,0.9]": {
                    "stat": 0.0,
                    "syst": 0.0,
                    "value": 1.0
                },
                "abseta:[0.9,1.2]": {
                    "stat": 0.0,
                    "syst": 0.0,
                    "value": 1.0
                },
                "abseta:[1.2,2.1]": {
                    "stat": 0.12030069262896081,
                    "syst": 0.0,
                    "value": 1.2393237404844952
                },
                "abseta:[2.1,2.4]": {
                    "stat": 0.3439832426910139,
                    "syst": 0.0,
                    "value": 1.721412634214545
                }
            },
            "pt:[3.25,3.5]": {
                "abseta:[0.0,0.9]": {
                    "stat": 0.0,
                    "syst": 0.0,