{
    "NUM_Tau3MuTracker_DEN_genTracks": {
        "abseta": {
            "abseta:[0.0,0.9]": {
                "stat": 0.01899920684149634,
                "syst": 0.0,
                "value": 1.0181325260074678
            },
            "abseta:[0.9,1.2]": {
                "stat": 0.02790097393987196,
                "syst": 0.0,
                "value": 0.9739286382738932
            },
            "abseta:[1.2,2.1]": {
                "stat": 0.013218852382667233,
                "syst": 0.0,
                "value": 0.9937696044220932
            },
            "abseta:[2.1,2.4]": {
                "stat": 0.05464604833291316,
                "syst": 0.0,
                "value": 1.345410220302016
            },
            "binning": [
                {
                    "binning": [
                        0.0,
                        0.9,
                        1.2,
                        2.1,
                        2.4
                    ],
                    "variable": "abseta"
                }
            ]
        }
    }
}